id,area,name,type,type2,Lat,Lon,totalcar
001,信義區,府前廣場地下停車場,1,2,25.036088713997714,121.56299732925113,2019
002,信義區,松壽廣場地下停車場,1,2,25.03714669600036,121.56628035534452,437
003,信義區,臺北市災害應變中心地下停車場,1,1,25.028806331929662,121.5662260284535,169
004,信義區,雅祥公園地下停車場,1,1,25.047444247514896,121.57187070518074,204
005,北投區,立農公園地下停車場,1,1,25.118430183567227,121.50356949655345,204
006,信義區,台北世界貿易中心展覽三館停車場,1,2,25.0353269946102,121.56450246963402,665
007,萬華區,萬華國中地下停車場,1,1,25.02899272394761,121.49920699677827,508
008,信義區,台北君悅大飯店停車場,1,2,25.03570322503147,121.56261352146868,377
009,信義區,臺北世界貿易中心展覽大樓停車場,1,2,25.03333534301211,121.56232795816673,336
010,信義區,台北世界貿易中心國際貿易大樓地下停車場,1,2,25.03431508192599,121.56113007678046,410
011,信義區,台北國際會議中心停車場,1,2,25.0333177561561,121.56086587833158,483
012,信義區,威秀A17停車場,1,2,25.035373340534345,121.56722066239132,105
013,信義區,威秀A16停車場,1,2,25.035363640539206,121.56663952062644,75
014,信義區,興雅國中地下停車場,1,1,25.034905915768732,121.57280999836065,438
015,萬華區,峨眉立體停車場,1,1,25.044036602917373,121.50538537329068,528
016,中正區,中山堂地下停車場,1,1,25.044012218775826,121.51045808475631,431
018,萬華區,洛陽綜合立體停車場,1,1,25.048244019856007,121.50587417219158,1676
019,大同區,塔城公園地下停車場,1,1,25.050819231969136,121.51098000202803,147
020,士林區,百齡高中地下停車場,1,1,25.086150675680617,121.5239985439963,227
021,士林區,前港公園地下停車場,1,1,25.085372331898046,121.52028870186645,520
022,信義區,五分埔公園地下停車場,1,1,25.046627191964273,121.58044180825269,206
023,松山區,民權公園地下停車場,1,1,25.061612162106893,121.55797436122941,699
024,大安區,金華公園地下停車場,1,1,25.029525642570363,121.53164895314427,189
025,萬華區,古亭國中地下停車場,1,1,25.024421517043624,121.51055591219452,255
027,文山區,景華公園地下停車場,1,1,24.995261603586147,121.54378663640327,731
028,信義區,松山高中地下停車場,1,1,25.04407662008312,121.56407481428235,223
029,內湖區,東湖國小地下停車場,1,1,25.06854628680099,121.61569872878381,358
030,大同區,大稻埕公園地下停車場,1,1,25.05839275625122,121.51046820499641,200
031,大安區,附中公園地下停車場,1,1,25.0362913875828,121.54229161052989,114
032,松山區,西松高中地下停車場,1,1,25.055812154256817,121.56588222963546,334
033,中山區,進安公園地下停車場,1,2,25.046112633565972,121.53770541657593,147
034,文山區,辛亥國小地下停車場,1,2,25.006274817941584,121.55862421844368,126
035,大同區,成淵高中地下停車場,1,1,25.060906545315444,121.51980805543691,267
036,北投區,大豐公園地下停車場,1,1,25.131128363060938,121.50393615359009,230
037,大安區,大安高工地下停車場,1,1,25.03263507362081,121.5418548611147,515
038,南港區,成德立體停車場,1,1,25.04588636317541,121.58604991761551,180
039,士林區,社園立體停車場,1,1,25.089581395268507,121.50595328004087,280
040,松山區,健康國小地下停車場,1,1,25.056537955208718,121.56235465177318,190
041,信義區,忠信地下停車場,1,1,25.040419316888965,121.56778319103674,314
042,大同區,建成國中地下停車場,1,1,25.051488853269028,121.5198756850295,330
043,南港區,興中立體停車場,1,1,25.05610449323135,121.6065022207724,639
044,萬華區,青年公園高爾夫球場地下停車場,1,1,25.023779004639884,121.50778270012675,321
045,信義區,台北101停車場,1,2,25.03373475678632,121.56373066286773,1263
047,大安區,遠企中心地下停車場,1,2,25.026006665595855,121.5492556411368,425
048,信義區,信義廣場地下停車場,1,1,25.033146073617417,121.56581163492996,372
049,北投區,大業立體停車場,1,1,25.137677843340963,121.50289062096768,122
050,北投區,北投運動中心停車場,1,2,25.116729691227373,121.5097702811702,93
051,內湖區,大湖公園地下停車場,1,2,25.083361822755688,121.6017372683209,221
052,松山區,民生社區活動中心地下停車場,1,2,25.059761557254685,121.56269810413808,147
053,松山區,民生立體停車場,1,1,25.058343554962704,121.55946417707716,447
054,松山區,北寧路地下停車場,1,2,25.048721121493838,121.55241687691537,76
055,大同區,市民大道(塔城段),1,1,25.050366109625244,121.50914028970253,241
056,大安區,大安森林公園地下停車場,1,1,25.032950276604502,121.53734524419697,1360
057,中山區,市民大道(公中段) ,1,1,25.04833805207321,121.51920468685181,180
058,中山區,市民大道(中林段),1,1,25.047902156201175,121.52273720740378,486
059,中山區,市民大道(林金段),1,1,25.047065193965434,121.52725011858901,950
060,中山區,市民大道(建復段),1,1,25.044556209012487,121.54088480755803,178
061,北投區,陽明山立體停車場,1,2,25.155182196801082,121.53895028213235,209
062,松山區,市民大道(復敦段),1,1,25.04507796632736,121.54677242113898,209
064,松山區,市民大道(敦延段),1,1,25.044666200111415,121.55060926895426,212
065,松山區,市民大道(延吉段),1,1,25.044366910499033,121.55357574195723,77
066,大同區,揚雅立體停車場,1,1,25.067464156455895,121.5158257444651,204
067,萬華區,雙園國中地下停車場,1,1,25.027728317527487,121.49165503481794,314
068,士林區,文昌國小地下停車場,1,1,25.099655112856226,121.52083300083989,222
069,萬華區,青年公園棒球場地下停車場,1,1,25.02354526390045,121.50327016338026,276
070,中山區,榮星花園地下停車場,1,1,25.06388875309652,121.53960743308025,242
071,大同區,朝陽公園地下停車場,1,1,25.055951550231843,121.51317022893471,237
072,士林區,福林公園地下停車場,1,1,25.095814417072937,121.53026021679489,242
073,中山區,林森公園地下停車場,1,1,25.052449009206715,121.52597330387658,833
074,松山區,偶戲博物館地下停車場,1,2,25.047283427656403,121.56206185569691,69
075,松山區,中崙高中地下停車場,1,1,25.050012844291846,121.56116282413173,340
076,北投區,陽明山第二停車場,1,2,25.154873125563018,121.54557025414982,127
077,北投區,陽明山花鐘停車場,1,2,25.158503116045146,121.53927447597653,31
078,內湖區,洲子立體停車場,1,1,25.079382977173285,121.56932186750569,384
079,大安區,僑安地下停車場,1,1,25.040998829493535,121.5566642826101,412
080,大安區,龍門國中地下停車場,1,1,25.023498468208214,121.53862535992742,730
081,內湖區,康樂立體停車場,1,1,25.07211743032314,121.61911792883267,153
082,中山區,永盛公園地下停車場,1,1,25.0591631149107,121.52469134254744,224
084,內湖區,麗湖國小地下停車場,1,2,25.07310010711689,121.6015782241981,223
085,文山區,臺北花木批發市場地下停車場,1,2,25.004426723840115,121.5406292338062,409
086,北投區,振興公園地下停車場,1,1,25.118592811706336,121.52352311078563,213
087,松山區,民有市場地下停車場,1,1,25.06068253204126,121.54705908949035,334
088,信義區,三張里地下停車場,1,1,25.030915461015983,121.56674886765181,356
089,信義區,春光公園地下停車場,1,1,25.042242533481524,121.58069990389413,213
090,萬華區,萬板地下停車場,1,1,25.028629970750156,121.491268681117,180
091,萬華區,艋舺公園地下停車場,1,1,25.036264020806644,121.5000520662836,474
092,中山區,濱江國中地下停車場,1,2,25.079499401386723,121.56163065857803,203
093,大同區,建成公園地下停車場,1,1,25.053985990479735,121.51838593842416,232
094,士林區,捷運劍潭站轉乘停車場,1,2,25.08228764421285,121.5245677701854,139
095,北投區,捷運北投站轉乘停車場,1,2,25.132834907815845,121.49814719627572,85
096,北投區,石牌國小地下停車場,1,1,25.114401369191427,121.51278040820694,460
097,士林區,海光公園地下停車場,1,1,25.080663196584663,121.5082835801387,103
098,內湖區,港富立體停車場,1,1,25.080525807307904,121.57794698533894,239
099,中山區,長安國小地下停車場,1,1,25.049572516784174,121.53025562261277,284
100,北投區,七星公園地下停車場,1,2,25.136543981189956,121.50194291036804,328
101,文山區,捷運木柵機廠停車場,1,2,25.0006973053027,121.58393047286133,692
102,士林區,承德公園地下停車場,1,1,25.08978466156968,121.52199445348842,176
103,南港區,南港國小地下停車場,1,1,25.05712848030788,121.6110970524944,311
105,南港區,玉成國小地下停車場,1,1,25.053558672758736,121.59282165200943,289
106,大同區,蓬萊國小地下停車場,1,1,25.05655896022047,121.5162698966257,280
107,信義區,信義國小地下停車場,1,1,25.03137022943796,121.56322742598948,226
109,內湖區,湖興立體停車場,1,1,25.067711149423733,121.59041815232105,257
110,內湖區,西湖公園地下停車場,1,2,25.08243140984062,121.57018171047335,171
111,士林區,蘭雅公園地下停車場,1,1,25.109768700186404,121.52895666386175,151
112,中山區,臺北市中山運動中心停車場,1,2,25.05485858193854,121.52147277767955,57
113,文山區,興隆公園地下停車場,1,1,25.000192255754218,121.55130761169738,259
114,文山區,景美國小地下停車場,1,1,24.98869054885972,121.54027284727051,253
115,文山區,木柵動物園停車場,1,1,24.997713256010424,121.57852264269238,943
116,大安區,台灣大學新生南路地下停車場,1,2,25.0191469656193,121.53403402582994,353
117,大安區,台灣大學公館停車場,1,2,25.01228600380598,121.53685604808226,460
118,大安區,台灣大學綜合體育館地下停車場,1,2,25.022134979012314,121.536146042493,208
119,大同區,大龍國小地下停車場,1,1,25.074128263332824,121.51664380948068,265
120,南港區,世貿公園地下停車場,1,1,25.057915856307584,121.61541475023873,400
121,南港區,南港運動中心停車場,1,2,25.048684759606214,121.58169060036386,94
123,大安區,台灣聯通臺大長興停車場,1,2,25.017357913273646,121.54501791656949,113
124,士林區,社子國小地下停車場,1,1,25.09097870013028,121.50256971711063,464
126,松山區,臺北田徑場站停車場,1,2,25.04912480601212,121.55114217091483,290
127,中正區,臺北市中正運動中心停車場,1,2,25.03835908675524,121.5193700693133,100
128,文山區,萬興國小地下停車場,1,1,24.989423867392958,121.57658546115687,229
129,內湖區,西康地下停車場,1,2,25.08472396229411,121.56375880087877,86
131,北投區,捷運忠義站轉乘停車場,1,2,25.131102383723483,121.47337419365938,44
132,北投區,捷運新北投站轉乘停車場,1,2,25.13687472341237,121.50144914380395,24
133,北投區,捷運唭哩岸站轉乘停車場,1,2,25.120829257405866,121.50644047249996,37
134,北投區,捷運石牌站轉乘停車場,1,2,25.116008059631742,121.51453336026154,64
138,士林區,捷運士林站南,1,2,25.09263603459946,121.52665502316968,72
139,士林區,捷運士林站西,1,2,25.093510986472392,121.52585304796692,58
140,士林區,捷運芝山站南,1,2,25.10119296429325,121.52298295302917,134
141,士林區,捷運芝山站北,1,2,25.104622998739377,121.52231102480413,28
149,中山區,捷運劍南路站轉乘停車場,1,2,25.08449074982988,121.55458771457727,282
150,松山區,臺北體育館地下停車場,1,2,25.05131645215946,121.55194552993616,153
153,大安區,仁愛地下停車場,1,2,25.039218145815756,121.53728623676375,635
156,北投區,關渡水岸自然公園平面停車場,1,2,25.117468949911807,121.4630899817551,305
158,中正區,花園停車場,1,2,25.013858241756658,121.5318585797057,216
159,中正區,公館停車場,1,2,25.01092114996438,121.5351231825356,106
160,中正區,水岸停車場,1,2,25.012156621452938,121.52915103932853,62
161,中正區,臺北市青少年發展處停車場,1,2,25.03903761580592,121.52226138942167,277
162,士林區,中華民國農民團體幹部聯合訓練協會停車場,1,2,25.122449023095953,121.53146544735081,48
164,信義區,市府轉運站停車場,1,2,25.040667915226944,121.56516362233602,481
165,南港區,玉成公園地下停車場,1,1,25.04212474365916,121.58701118847166,403
173,內湖區,文德站轉乘停車場,1,2,25.078305990417146,121.58445220318917,306
174,南港區,內湖機廠轉乘停車場,1,2,25.061011663576508,121.61851607965855,302
176,士林區,天母西側停車場,1,2,25.11857992003776,121.52954222511187,222
177,信義區,BELLAVITA寶麗廣場停車場,1,2,25.039730235834462,121.56791712976384,164
181,松山區,臺北國際航空站第1號計時收費停車場,1,2,25.062860549789324,121.55125709890123,116
182,松山區,臺北國際航空站第2號計時收費停車場,1,2,25.063024073381705,121.55241618430104,212
183,松山區,臺北國際航空站第3號計時收費停車場,1,2,25.06305859906441,121.55344832944854,494
184,士林區,國立台灣科學教育館地下停車場,1,2,25.096026679490205,121.5161521790626,461
186,松山區,京華城停車場,1,2,25.04854580900731,121.56249383070417,1427
187,信義區,松山工農地下停車場,1,1,25.039581631247454,121.5722944875118,234
188,信義區,松山車站地下停車場,1,1,25.04849732515049,121.57831797557269,415
189,中山區,台北馬偕醫院地下停車場,1,2,25.05834869847682,121.52182000172871,342
190,士林區,故宮廣場停車場,1,2,25.09856230426185,121.5484027299095,85
191,信義區,ATT 4 FUN停車場,1,2,25.03567075065271,121.5660536691414,40
192,大安區,第二殯儀館停車場,1,2,25.013770444141787,121.55293386621554,226
193,松山區,松山國小地下停車場,1,1,25.05051654452584,121.57819914618477,280
194,信義區,臺北文創停車場,1,2,25.04465893584923,121.56192890783917,560
195,萬華區,新糖廍公園地下停車場,1,2,25.03363964735622,121.49454507645174,70
196,內湖區,石潭平面停車場,1,2,25.068279700828985,121.59235251245387,70
197,內湖區,康東平面停車場,1,2,25.06979132732676,121.61216351295197,39
198,內湖區,康寧平面停車場,1,2,25.07251074499434,121.60557882269127,21
199,中正區,歐特儀股份有限公司台北車站西區地下停車場,1,2,25.04785394089165,121.51662240116343,185
200,中正區,台北車站東區地下停車場,1,2,25.047687186233286,121.51768736244834,258
201,中山區,花博公園圓山停車場,1,2,25.068984973817777,121.52244960729395,102
202,文山區,捷運木柵站轉乘停車場,1,2,24.99859795378964,121.57326611897372,146
203,大安區,臺灣大學辛亥臨時停車場,1,2,25.020800102372057,121.54268512575761,415
204,內湖區,台北花卉產銷股份有限公司A館,1,2,25.062997712001618,121.57416785402886,461
205,內湖區,台北花卉產銷股份有限公司B館,1,2,25.063038159175886,121.5751005671378,73
206,中山區,第一殯儀館停車場,1,2,25.06282617854208,121.53638570824091,130
207,士林區,台北市立天文科學教育館地下及戶外平面停車場,1,2,25.09582865277781,121.51836503712907,299
208,文山區,博嘉運動公園停車場,1,2,25.001013261672945,121.57557479364165,35
209,大安區,應安168復興SOGO停車場,1,1,25.040408678051527,121.54334413264125,48
210,中正區,Ｋ區地下街停車場,1,2,25.046903786560105,121.51746348754345,188
211,中山區,中山北路2段42巷臨時平面停車場,1,2,25.054553717242875,121.52123748917703,21
212,大安區,辛亥路高架橋下平面停車場,1,2,25.014105672244874,121.55309976608895,160
214,中正區,應安168台北資訊園區停車場,1,2,25.04529276113896,121.53081083919609,444
215,萬華區,莒光立體停車場,1,1,25.03107393254428,121.50342259405532,123
216,中山區,中山運動中心旁平面停車場,1,2,25.055268921639826,121.52152029314132,52
217,中正區,兩廳院地下停車場,1,2,25.036416420097325,121.5184136057206,681
218,內湖區,內湖垃圾焚化廠停車場,1,2,25.06276533397897,121.60451110826438,87
219,中山區,台壽金融總部大樓停車場,1,2,25.05481594011332,121.52227761920804,147
220,南港區,南港公園平面停車場,1,2,25.04600427900924,121.59137840672187,82
221,南港區,南港經貿園區R16平面停車場,1,2,25.05622608440837,121.61049433792193,89
222,南港區,南港59號公園臨時平面停車場,1,2,25.047607745388373,121.61359382182737,21
223,士林區,東和平面停車場,1,2,25.120293281011513,121.53328651862527,39
224,北投區,復興平面停車場,1,2,25.140755603882067,121.50463456687052,67
225,北投區,開勝平面停車場,1,2,25.140774233661123,121.50507552647247,34
226,文山區,樟新平面停車場,1,2,24.979625325495626,121.55680269931082,45
227,文山區,政大三街臨時平面停車場,1,2,24.98613064413084,121.58243889322503,49
228,文山區,木柵路三段平面停車場,1,2,24.988404754815353,121.56629327767183,47
229,大安區,嘉興公園地下停車場,1,1,25.021463786502874,121.55204423867293,195
230,大安區,應安１６８延吉停車場,1,2,25.03524189236323,121.55531656322204,29
231,士林區,應安１６８士林一停車場,1,2,25.11148054806289,121.53237380535921,67
232,中山區,建國北路高架橋下O區,1,1,25.04689312943823,121.5367014425772,143
233,中山區,建國北路高架橋下A區,1,1,25.04922497878688,121.5367543091125,171
234,中山區,建國北路高架橋下B區,1,1,25.049894009233103,121.53676525980684,377
235,中山區,建國北路高架橋下C區,1,1,25.053400025349838,121.5368492106088,133
236,中山區,建國北路高架橋下D區,1,1,25.054199863854,121.53686241732092,120
237,中山區,建國北路高架橋下E區,1,1,25.056568892263982,121.53696913352843,70
238,中山區,建國北路高架橋下F區,1,1,25.057189168370524,121.53693073471938,105
239,中山區,建國北路高架橋下G區,1,1,25.059301751515566,121.53697568073605,255
240,中山區,建國北路高架橋下H區,1,1,25.060757063967213,121.5369534287414,246
241,中山區,建國北路高架橋下IA區,1,1,25.063370808129342,121.53704415384337,57
242,中山區,建國北路高架橋下IB區,1,1,25.064441917933692,121.53701309148192,142
243,中山區,建國北路高架橋下J區,1,1,25.06584184788999,121.53607740698712,113
244,大安區,建國南路高架橋下A區,1,1,25.02789617866092,121.5377926731941,281
245,大安區,建國南路高架橋下D區,1,1,25.032810671175096,121.53782808747165,64
246,大安區,建國南路高架橋下C區,1,1,25.031642493488693,121.53786231413791,106
247,大安區,建國南路高架橋下B區,1,1,25.02915581680987,121.5378068734153,236
248,大安區,建國南路高架橋下F區,1,1,25.04113954592723,121.53732381244272,88
249,大同區,啟聰學校地下停車場,1,1,25.074641870733274,121.51203169173384,175
250,北投區,忠誠路(一)平面停車場,1,2,25.10735332512572,121.52972193049528,23
251,士林區,忠誠路(二)平面停車場,1,2,25.106657931453597,121.52938388061,34
252,信義區,吳興街220巷平面停車場,1,2,25.025650126728607,121.56041150257381,94
253,信義區,吳興街220巷(一)平面停車場,1,2,25.027368864223746,121.56168626275498,135
254,信義區,吳興街220巷(二)平面停車場,1,2,25.02615758472686,121.55851916057149,163
255,士林區,兒童新樂園附設停車場,1,2,25.097539653079743,121.51483696026028,442
256,北投區,振華公園旁平面停車場,1,2,25.115293152460662,121.51823411068472,235
257,士林區,福港街平面停車場,1,2,25.08718836149025,121.51862685668847,65
258,中山區,兒童育樂中心平面停車場,1,2,25.075169394264673,121.52203232456763,88
259,中山區,中山北路三段55巷平面停車場,1,2,25.06801628430152,121.52364806061159,58
260,松山區,臺北小巨蛋地下停車場,1,2,25.051243931197543,121.55093108352256,460
261,士林區,百齡橋旁平面停車場,1,2,25.087896385278984,121.51096346130164,142
262,中山區,林森北路399巷臨時平面停車場,1,2,25.05985681028404,121.526966527811,93
263,中山區,億光大樓停車場,1,2,25.0422673946945,121.53803027474943,122
264,大安區,便利停車場大安地政事務所站,1,2,25.033741666749936,121.55650767325866,70
265,中正區,台灣聯通光華商場停車場,1,2,25.045326643311892,121.53201481157132,83
266,士林區,至誠平面停車場,1,2,25.101975834839394,121.53135074861257,81
267,北投區,關渡醫院旁平面停車場,1,2,25.12033218257572,121.46571655561549,33
268,北投區,公館路平面停車場,1,2,25.12122086061408,121.50289636602434,129
269,士林區,明德臨時平面停車場,1,2,25.11554525851836,121.52077225770424,29
270,內湖區,環山平面停車場,1,2,25.08572577209078,121.57206923653615,85
271,內湖區,文湖平面停車場,1,2,25.086475545227806,121.56088384493708,33
272,中山區,龍江平面停車場,1,2,25.054071563029915,121.54188753457397,27
273,中正區,台灣聯通仁愛停車場,1,2,25.038529765990134,121.52666649872673,30
274,中山區,台灣聯通新生停車場,1,2,25.056540011055237,121.52629843562815,55
275,中山區,台灣聯通華泰王子停車場,1,2,25.05736018878533,121.52566743266335,56
276,松山區,台灣聯通復興北停車場,1,2,25.051132222851287,121.54464808952534,28
277,中正區,台灣聯通杭州停車場,1,2,25.042585422731225,121.52662424064604,53
278,中山區,台灣聯通天津停車場,1,2,25.050909925168103,121.52284724569687,50
279,中山區,台灣聯通新興停車場,1,2,25.06239211539695,121.52542528203576,39
280,大安區,台灣聯通福安停車場,1,2,25.03733546376941,121.55312365579293,56
281,松山區,台灣聯通南三停車場,1,2,25.052024032823642,121.54729567661376,39
282,中正區,良友八德停車場,1,2,25.04312990874436,121.53103698122638,52
283,大同區,臺北大橋橋下停車場,1,2,25.063085745497713,121.51014890748041,89
284,中山區,台灣聯通長榮停車場,1,2,25.04884282075556,121.53326998987866,78
285,大安區,臺灣聯通敦南停車場,1,2,25.022598032527647,121.54834788290559,60
286,大安區,台灣聯通科技停車場,1,2,25.025880691209718,121.54415870936832,29
287,大安區,台灣聯通敦化場停車場,1,2,25.044270022587686,121.55154125235438,49
288,大安區,台灣捷通古亭停車場,1,2,25.023539045460446,121.52542043530896,63
289,大安區,四維路成功市場臨時攤棚,1,2,25.02682287671766,121.54838019107493,55
290,中山區,台灣聯通國賓停車場,1,2,25.0568823119237,121.52255239281052,78
291,松山區,台灣聯通八德停車場,1,2,25.049868853085606,121.56421186939714,78
292,中山區,台灣聯通北科大停車場,1,2,25.045130130374382,121.53549981451098,112
293,中正區,台灣聯通重慶停車場,1,2,25.04465926777583,121.5136000094176,111
294,松山區,台灣聯通監理站停車場,1,2,25.04817303245014,121.55898028714567,64
295,信義區,台灣聯通基隆路停車場,1,2,25.03278041319888,121.55913884791646,57
296,中山區,台灣聯通長春停車場,1,2,25.05515436551887,121.52395424683337,17
297,文山區,和平東路四段３８１巷平面停車場,1,2,24.999506564380724,121.57480420006408,24
298,文山區,三福街平面停車場,1,2,24.99839358381293,121.54288744055381,38
299,士林區,台北市立大學天母校區地下停車場,1,2,25.11608667324249,121.53644438682105,462
300,松山區,吉祥平面停車場,1,2,25.05033437435054,121.56122353352563,30
301,南港區,南港車站地下停車場,1,2,25.052106944868672,121.60374313088894,1100
302,大同區,正義國小地下停車場,1,1,25.065036864807237,121.4961164213917,10
303,大同區,正義公園地下停車場,1,1,25.068521810521972,121.49743390470519,196
304,萬華區,華翠橋下A、B、G區停車場,1,1,25.026646612474124,121.48324404477854,149
305,萬華區,新北市萬板大橋停車場,1,1,25.02782352925858,121.48363014578474,389
306,萬華區,永和仁愛公園地下停車場,1,1,25.01102714103566,121.50653492985901,645
307,北投區,洲美運動公園地下停車場,1,2,25.109730199985957,121.49939079851912,85
308,士林區,延平北路5段1巷平面停車場,1,1,25.078687777385813,121.51001764375548,154
309,文山區,景豐臨時平面停車場,1,2,25.00260006792661,121.54473618588439,43
310,北投區,中央北路四段平面停車場,1,2,25.1281179074116,121.46768407597608,25
311,士林區,天母公園平面停車場,1,2,25.125405422125393,121.53126237055261,13
312,北投區,行義路平面停車場,1,2,25.123817630394765,121.52618652288592,21
313,士林區,社中街平面停車場,1,2,25.08969605088942,121.51053934577942,30
314,士林區,社正路平面停車場,1,2,25.088068991942137,121.509075132219,31
315,大同區,京站停車場,1,2,25.049177470170513,121.51794124617035,556
316,內湖區,台北市南湖高級中學地下停車場,1,2,25.06649941363238,121.61064004402297,162
317,萬華區,臺北市萬華區行政中心地下停車場,1,2,25.034763788629526,121.49984626990218,215
318,萬華區,華江橋下雙層停車場,1,2,25.035433572219848,121.49134962293107,153
319,萬華區,東園平面停車場,1,2,25.016771284315027,121.49498390854116,75
320,南港區,昆陽捷運站旁平面停車場,1,2,25.049449231459807,121.58900446903269,47
321,南港區,昆陽捷運站旁平面停車場(二),1,2,25.049449231459807,121.58900446903269,41
322,南港區,昆陽捷運站旁平面停車場(三),1,2,25.049449231459807,121.58900446903269,36
323,信義區,松德臨時平面停車場,1,2,25.031479328191125,121.57350994936873,101
324,信義區,松德停車場,1,2,25.03437990915595,121.57321646362273,52
325,中山區,建國停車場,1,2,25.047526401075856,121.53945629041107,40
326,文山區,興隆市場旁停車場,1,2,24.999665091829268,121.54712940892372,35
327,文山區,溪洲街平面停車場,1,2,25.004191609552233,121.53541887387485,17
328,信義區,吳興街284巷臨時平面停車場,1,2,25.02512653395827,121.56367338879086,50
329,大同區,應安１６８大龍停車場,1,2,25.06887098530702,121.51728292365559,41
330,文山區,臺北市文山區文山行政中心地面停車場,1,2,24.98956507669833,121.57009232725466,55
331,中正區,耕莘文教院前平面停車場,1,2,25.0194254405184,121.52891896467915,57
332,信義區,廣慈臨時平面停車場,1,2,25.039650751626688,121.58268675907561,109
333,中正區,同安街平面停車場,1,2,25.020990699085264,121.52084828447204,21
334,文山區,台北市文山運動中心停車場,1,2,24.996898873287467,121.55948615161424,79
335,萬華區,大理地下停車場,1,2,25.034161009061137,121.49354400050593,49
336,信義區,松山火車站東側機車停車場,1,2,25.04918429005624,121.57814987561078,0
337,信義區,松山火車站西側機車停車場,1,2,25.049184405767225,121.57812014465665,0
338,北投區,好市多北投分公司,1,2,25.12682442072627,121.47140146635523,690
339,中山區,濱江市場地下停車場,1,2,25.06765106783825,121.53735122582944,349
340,南港區,南港立體停車場,1,2,25.052425237176696,121.60652162656548,406
341,內湖區,台北企業總部湖區地下停車場,1,2,25.05925300112175,121.58684207789388,348
342,中正區,國立臺灣大學水源停車場,1,2,25.01377128219988,121.5299167010918,143
343,內湖區,好市多內湖分公司,1,2,25.06396328099743,121.57614299682413,690
344,南港區,日月亭松山車站停車場,1,2,25.04929894314585,121.58113519030435,320
355,南港區,臺北市立聯合醫院忠孝院區停車場,1,2,25.046470953313356,121.58670669512699,20
356,中正區,臺北市立聯合醫院和平婦幼院區停車場,1,2,25.02908262899119,121.519290457097,8
357,中正區,臺北市立聯合醫院和平院區停車場,1,2,25.03560461098127,121.50734910683775,9
358,大安區,臺北市立聯合醫院仁愛院區停車場,1,2,25.037483368490143,121.54500498543483,41
359,大同區,臺北市立聯合醫院中興院區停車場,1,2,25.051065451900712,121.50857916899824,80
360,士林區,臺北市立聯合醫院陽明院區停車場,1,2,25.105659456663794,121.53164893932374,39
361,南港區,台北南港展覽館停車場,1,2,25.05582707541028,121.61888554310136,607
362,大同區,台北城大飯店停車場,1,2,25.059616190775948,121.51344216652781,21
363,中正區,好亭廣愛停車場,1,2,25.03593233898633,121.50914189567388,156
364,中正區,好亭南昌路停車場,1,2,25.03120327595833,121.51668998503186,17
365,大同區,全國停車場重慶站,1,2,25.059124985517283,121.51383012202353,481
372,松山區,八德立體停車場,1,2,25.04971639851937,121.57171286563666,310
373,內湖區,臺北市網球中心停車場,1,2,25.06632998154377,121.59666754128065,346
A101,士林區,三腳渡平面停車場,2,,25.082204825802325,121.5165783390021,124
A114,士林區,台灣聯通新光停車場,2,,25.09108760601031,121.52082018656911,32
A124,士林區,義信區民活動中心基河10號國宅地下停車場,2,,25.089011839597937,121.52256020125789,6
A126,士林區,Times基河劍潭,2,,25.082863746556338,121.52414241644398,44
A127,士林區,新光三越百貨天母分公司二館停車場,2,,25.117709044343187,121.53430952139178,131
A134,士林區,捷運淡水線高架橋下之捷運劍潭站橋下空間機車停車場,2,,25.086942685597784,121.52610972814311,0
A137,士林區,福林加油站第二停車場,2,,25.093204255854356,121.52754612263973,2
A138,士林區,士林市場地下停車場,2,,25.08737415210291,121.52443195014922,48
A140,士林區,百齡橋堤外(一)平面停車場(2-1),2,,25.092324707966036,121.51049544371187,118
A142,士林區,文林路加油站停車場,2,,25.087538516170216,121.52621629936144,11
A143,士林區,台北市立圖書館葫蘆堵分館大樓地下停車場,2,,25.082319932662283,121.51075022997175,56
A144,士林區,好庭車停車場(福國路站),2,,25.10294356889491,121.52381694162632,45
A145,士林區,臺北市士林區士林國民小學停車場,2,,25.092257210286085,121.52490523712476,42
A147,士林區,臺北市士林運動中心停車場,2,,25.089596346840036,121.52132705678815,64
A148,士林區,百齡橋堤外足球場停車場,2,,25.090279605696185,121.51463829592569,43
A15,士林區,百齡橋堤外平面停車場,2,,25.090568951188125,121.51189695682389,311
A16,士林區,劍潭抽水站堤外平面停車場,2,,25.080598564918404,121.51807554982618,224
A173,士林區,臺北市政府勞工局職業訓練中心停車場,2,,25.11474683193237,121.53802362870441,78
A18,士林區,長揚停車場福國站,2,,25.101546444374616,121.52236696667386,26
A19,士林區,台北市立大學天母校區體育館戶外平面停車場,2,,25.116066344704453,121.53509429467096,84
A21,士林區,百齡橋堤外槌球場南側臨時平面停車場,2,,25.08711239848075,121.51230233001162,238
A30,士林區,大葉天母停車場,2,,25.11183512887729,121.53145120464342,1748
A31,士林區,捷運士林站轉乘停車場,2,,25.09232557470196,121.52652419416425,139
A32,士林區,捷運芝山站轉乘停車場,2,,25.101658069936246,121.52282334081991,168
A36,士林區,新光天母傑仕堡停車場,2,,25.116293960435893,121.53352188371116,187
A38,士林區,臺北市士林區行政中心地下停車場,2,,25.092837674208045,121.51976656699294,24
A40,士林區,新光醫院地下停車場,2,,25.096392090207193,121.5203575601365,55
A41,士林區,福林第一停車場,2,,25.092353749596015,121.52751479862346,50
A46,士林區,龍昌大樓機電管理顧問股份有限公司陽明營業處,2,,25.105659502705908,121.53164893952282,39
A51,士林區,蘭雅停車場,2,,25.1069188560252,121.52657196895562,49
A54,士林區,峰群停車場,2,,25.085131870905606,121.5230261159873,86
A56,士林區,劍潭海外青年活動中心停車場,2,,25.077508656999964,121.52379389224102,47
A58,士林區,士林電機仰德大樓停車場,2,,25.105032501037464,121.52509272750314,237
A6,士林區,美德街平面停車場,2,,25.096098571698178,121.52505308512585,15
A60,士林區,愛馬屋社子場停車場,2,,25.08649408719894,121.50702363863023,62
A88,士林區,雙溪公園平面停車場,2,,25.0980238782332,121.53719776368818,7
A92,士林區,天母東側停車場,2,,25.118512812960716,121.53063226461808,99
A96,士林區,新光三越百貨公司天母分公司,2,,25.11790989781731,121.53416804834592,146
A98,士林區,新光人壽教育會館停車場,2,,25.09154455943826,121.52094475275655,109
AA1,士林區,博客停車場士林中正站,2,,25.09543571162686,121.52742660915405,16
AA11,士林區,TIMES天玉街,2,,25.123284748479243,121.53097308191037,45
AA12,士林區,宏達經營管理顧問有限公司延平北停車場,2,,25.080211401054193,121.51115796450668,48
AA16,士林區,基河停車場,2,,25.093626194241903,121.5184160373999,37
AA19,士林區,台北新天地停車場,2,,25.09066541435863,121.52279274633115,146
AA2,士林區,福安停車場,2,,25.095438186006138,121.52724416047582,0
AA20,士林區,愛馬屋天母場,2,,25.11150423756239,121.53730779701516,30
AA21,士林區,嘟嘟房士林國小站,2,,25.094487657173808,121.52456903275025,36
AA22,士林區,士林華榮停車場,2,,25.09639158925554,121.522563937417,26
AA23,士林區,文化大學大恩館停車塔,2,,25.1366662548921,121.53870527489975,40
AA24,士林區,博客停車場天母站,2,,25.119042966359444,121.52927228026503,11
AA25,士林區,士林一品停車場,2,,25.08791910006037,121.52330819808235,50
AA26,士林區,嘟嘟房士林大南站停車場,2,,25.08878750334533,121.51764209558041,22
AA3,士林區,巧愛公寓地下室停車場,2,,25.10651933793429,121.51953557788444,16
AA30,士林區,天母停車場,2,,25.11785452378901,121.52627416976851,37
AA31,士林區,陽光667停車場,2,,25.09173925852695,121.5218272942902,10
AA33,A02,嘟嘟房士林基河站停車場,2,,25.09101225172908,121.52050684524326,47
AA34,士林區,基河(二)停車場(北投士林保管場),2,,25.094070949073117,121.51894675459579,43
AA35,士林區,聖賢大樓停車場,2,,25.09098089415641,121.52009714552793,57
AA37,士林區,中山北路六段776巷民營停車場,2,,25.115577013427934,121.52892603196513,11
AA38,士林區,328停車場,2,,25.094380551036444,121.51864698916175,49
AA39,士林區,TIMES頂好天母北店,2,,25.123501349527398,121.53298853364932,21
AA40,士林區,至善公園平面停車場,2,,25.098089298922343,121.53842284068182,33
AA41,士林區,葫蘆國小夜間停車場,2,,25.083880336011845,121.50758124446916,27
AA43,士林區,TIMES基河路2,2,,25.09501624889215,121.5178975711616,50
AA44,士林區,芝玉停車場,2,,25.107479808870245,121.53387069912351,12
AA46,士林區,福林公園大客車平面停車場,2,,25.095675613271485,121.52951987729247,0
AA48,士林區,通河西街一段堤外平面停車場,2,,25.082633731089015,121.51366034953817,49
AA49,士林區,新長越天玉街停車場,2,,25.119274300630497,121.52998433944886,15
AA5,士林區,Times 天母 SOGO,2,,25.105478555847103,121.52420929521566,368
AA50,士林區,嘟嘟房士林德行站,2,,25.10705102081796,121.52707205358685,50
AA51,士林區,TIMES基河路第3停車場,2,,25.093783346241565,121.51859551527356,19
AA52,士林區,福志停車場,2,,25.093881191679124,121.51872189310355,12
AA53,士林區,台灣聯通士林官邸停車場,2,,25.095714428129956,121.53161905824798,67
AA54,士林區,德行停車場,2,,25.10530437848581,121.52305834315685,66
AA56,士林區,臺北市立陽明高級中學活動中心地下停車場,2,,25.0921365922994,121.51712313484943,20
AA58,士林區,福林路大客車平面停車場,2,,25.096394832516474,121.53271979830984,0
AA59,士林區,助安168福港停車場,2,,25.08576000203633,121.51753283576426,50
AA7,士林區,琦機天母停車場,2,,25.1136427007626,121.52724688774548,9
AA8,士林區,誼光747停車場,2,,25.09450347384261,121.51858220646979,44
AB10,士林區,冷水坑停車場,2,,25.165997210867015,121.56374548589967,71
AB11,士林,福安國中平面停車場,2,,25.103384537706663,121.48745419314963,5
AB12,士林,鴻藶有限公司天母停車場,2,,25.11632519963655,121.5268910261881,16
AB13,士林,欣翰士林官邸大廈收費停車場,2,,25.09369115062994,121.52842662579191,0
B2,北投區,磺港溪廣場停車場,2,,25.133446268901324,121.50208103238185,41
B30,北投區,振興醫療財團法人振興醫院附設停車場,2,,25.11744441059234,121.52224870027004,133
B31,北投區,台北榮民總醫院地面停車場,2,,25.11971845968958,121.5213144073111,323
B36,北投區,小油坑停車場,2,,25.176903183115204,121.54722993671125,47
B37,北投區,愛馬屋石牌停車場,2,,25.112470026904816,121.51074419932843,32
B39,北投區,國立陽明大學校園場地管理中心停車場,2,,25.119663420558624,121.51340707887711,16
B53,北投區,嘟嘟房北投榮華站停車場,2,,25.114115834668972,121.52134623990706,48
B54,北投區,東華停車場,2,,25.113453737783523,121.51677811136939,85
B55,北投區,仲信商務中心停車場,2,,25.130500360044323,121.49879113807555,344
B57,北投區,豪庭電機股份有限公司裕民停車場,2,,25.115080328357664,121.51637724172546,48
B61,北投區,陽信總行大樓停車場,2,,25.1138422248078,121.51209207917113,69
B62,北投區,臺北榮民總醫院2號門地下室停車場,2,,25.119133117334822,121.52052346250474,366
B66,北投區,國立臺北藝術大學停車場,2,,25.13074235047685,121.46623438989539,34
B76,北投區,臺北市立關渡醫院停車場,2,,25.1201791432041,121.4664030226882,53
B79,北投區,台北市北投區行政中心地下室停車,2,,25.132512736577226,121.50277318648304,15
B8,北投區,知行路平面停車場,2,,25.12105760749398,121.46795523676161,52
B81,北投區,嘟嘟房和信站停車場,2,,25.12834045470219,121.47200988129372,85
B82,北投區,嘟嘟房關渡站平面停車場,2,,25.129317641667676,121.47194542105555,45
B86,北投區,驛站東華停車場,2,,25.11414089876145,121.51626329982217,6
B87,北投區,弘盛開發股份有限公司停車場,2,,25.128228627886223,121.46803562907088,44
B90,北投區,中正高中停車場,2,,25.102476535419417,121.51640961357083,65
B91,北投區,北投國中教職員工停車場,2,,25.13494020862675,121.50361275017276,37
B92,北投區,台北榮民總醫院立體停車場,2,,25.119165970867453,121.51940308708805,906
B93,北投區,臺北市立明德國民中學附設停車場,2,,25.10763017786252,121.51834527782448,20
BA01,北投區,洲美快速道路高架橋下平面停車場,2,,25.104650446577395,121.4988745946695,19
BA05,北投區,石牌圖書館停車場,2,,25.113054980796274,121.52258779798652,29
BA06,北投區,悅園停車場,2,,25.138796304069736,121.50552015130158,74
BA07,北投區,社團法人臺北市野鳥學會停車場,2,,25.119451531341504,121.46962453066422,19
BA08,北投區,應安168石牌停車場,2,,25.116423533891272,121.51754393869382,58
BA09,北投區,關渡自然公園停車場,2,,25.119201320928603,121.46942044199545,24
BA11,北投區,立功停車場,2,,25.125950291669753,121.47079098195279,21
BA12,北投區,嘟嘟房北投榮華站停車場,2,,25.113557122044593,121.52369084715667,48
BA13,北投區,沃瑪停車場北投站,2,,25.121360524733465,121.50231726499717,33
BA14,北投區,金龍行停車場,2,,25.116458363189953,121.50809109826835,49
BA15,北投,Times北投西安街,2,,25.119654499932786,121.5107525012134,47
BA18,北投區,中央南路停車場,2,,25.132654075560776,121.50175720068916,65
BA20,北投區,昶泰行,2,,25.0334224871593,121.56869733808834,16
BA21,北投區,三合街平面停車場,2,,25.126597442101243,121.50405113662245,82
BA22,北投區,泉源站停車場,2,,25.137213598218803,121.50491253445514,9
BA23,北投區,關渡國小運動中心停車場,2,,25.12605359539433,121.46673765419564,16
BA24,北投區,晟晁大業停車場,2,,25.137052015475955,121.49821613456405,11
BA25,北投區,捷運北投旅客服務中心附屬停車場,2,,25.13650526605779,121.4815207981023,15
BA26,北投,北台國際開發有限公司大業停車場,2,,25.137212644542174,121.49892089185693,13
BA27,北投,中央停車場,2,,25.127433884812493,121.46676337330766,21
BA31,北投區,沃瑪停車場三合站,2,,25.12657467950902,121.50431704138354,31
BB01,士林區,Times中山北路七段1,2,,25.12528514299564,121.53346810560271,8
BB02,北投區,臺北國際醫旅停車場,2,,25.137414237985944,121.50372220668889,74
BB03,北投區,博客停車場北投新興場,2,,25.140591987212325,121.48743033171198,35
BB04,北投區,應安168東華停車場,2,,25.11280446112611,121.51733681722432,31
BB05,北投區,Naviparkg石牌場,2,,25.114861307594044,121.51479168198694,70
BB06,北投區,明明德停車場,2,,25.107056087905686,121.51837042947642,30
BB07,北投區,驛馬站收費停車場(北投場),2,,25.13531418881766,121.50568383891346,38
BB08,北投區,明德站停車場,2,,25.10617405702565,121.51961494223083,15
BB09,北投區,三軍總醫院北投區,2,,25.14015239291971,121.5096343518422,99
BB11,北投區,三軍總醫院北投院區機車停車場,2,,25.140126712983246,121.51010781511037,0
C1,大同區,慶昌橋下停車場,2,,25.0762404285954,121.51554899660083,86
C100,大同區,臺北市大同區太平國民小學,2,,25.061933080669462,121.51153868897389,20
C101,大同區,臺北市立重慶國民中學停車場,2,,25.076181464183275,121.51770458657843,25
C103,大同區,保安停車場,2,,25.073857653573295,121.51759364040305,10
C104,大同區,台北市永樂市場地下1樓停車場,2,,25.054863007743503,121.51037948765486,20
C106,大同區,TIMES承德路2,2,,25.061486299926123,121.51787996708546,18
C107,大同區,臺北市大同運動中心停車場,2,,25.064784706318903,121.51621137822045,46
C108,大同區,TIMES承德路3,2,,25.061803651047516,121.51708463415555,125
C109,大同區,文化京都大樓管理委員會附設停車場,2,,25.055323104917754,121.5167957923481,50
C11,大同區,迪化污水處理場平面停車場,2,,25.072346322010542,121.5103010018126,91
C110,大同區,助安168承德停車場,2,,25.061740255349324,121.51698523647794,93
C1108,大同區,達客瑪停車場,2,,25.07338215509054,121.51886849781586,18
C112,大同區,敦煌路大型客車臨時平面停車場,2,,25.07685466794111,121.51719442850327,0
C116,大同區,銘益國際企業有限公司漢廷長安停車場,2,,25.050818861023256,121.51659405362582,62
C117,大同區,承德橋下停車場,2,,25.077567782371123,121.51928457021512,181
C12,大同區,保安第二停車場,2,,25.073626971946208,121.51770066794178,4
C121,大同區,TIMES承德酒泉停車場,2,,25.071249147142826,121.51949983829584,13
C123,大同區,嘟嘟房台北車站後站停車場,2,,25.049819134365794,121.51766195653974,44
C46,大同區,廣德利停車場,2,,25.049859557563547,121.51554939542478,11
C48,大同區,三號水門堤外停車場,2,,25.052006962381316,121.50632190066477,130
C50,大同區,玉泉公園停車場,2,,25.05024586970967,121.50688990409331,24
C52,大同區,三德觀光大飯店停車場,2,,25.064869030940336,121.51860402996225,30
C66,大同區,龍昌大樓機電管理顧問股份有限公司中興營業處,2,,25.05106546724486,121.50857917005261,80
C68,大同區,承德路停車場,2,,25.069426494748434,121.51800578600292,49
C69,大同區,全國停車場重慶站,2,,25.059125019809755,121.51383012613108,481
C70,大同區,理想停車場,2,,25.053669610588624,121.51118774533987,22
C72,大同區,五號水門堤外停車場,2,,25.05648586450582,121.50781872496347,69
C73,大同區,臺北市大同區行政中心地下停車場,2,,25.066317502885518,121.51577815953827,81
C74,大同區,民生停車場,2,,25.056723649881096,121.5126068173865,39
C77,大同區,應安168夏合延平北停車場,2,,25.068495066416293,121.51072238944066,13
C80,大同區,鄭州路機車停車場,2,,25.049165689606333,121.51580423948755,0
C81,大同區,禾典太源站停車場,2,,25.049828786639285,121.5163524429598,105
C83,大同區,歸綏停車場,2,,25.058161784908645,121.5086103979961,16
C92,大同區,鴻吉有限公司重慶營業所,2,,25.06059479881488,121.51327794462019,49
C95,大同區,明倫高中停車場,2,,25.075939293614393,121.51964006182646,26
C96,大同區,嘟嘟房太原站停車場,2,,25.052206869758482,121.515276916866,31
C98,大同區,愛馬屋大同場,2,,25.06814147500518,121.51400261528893,46
C99,大同區,雙蓮國小停車場,2,,25.06077132572094,121.51647750608801,24
CC01,大同區,臺北市大同區大同國民小學民眾夜間月租停車場,2,,25.064692571399583,121.5163190213617,13
CC02,大同區,TIMES承德酒泉第2,2,,25.05959284518068,121.51843518361677,7
CC03,大同區,嘟嘟房寧夏站停車場,2,,25.061590067069975,121.51427803828092,45
CC04,大同,助安168承德二停車場,2,,25.062353523943425,121.51795416546246,21
CC05,大同區,星聚點壹號文創延平站,2,,25.056279276735822,121.51179195316764,153
CC06,大同區,Times迪化街,2,,25.052990388662742,121.51055443092727,5
D10,萬華區,華中橋堤外停車場,2,,25.015768864565494,121.49625652351106,417
D100,萬華區,臺北市萬華區老松國民小學附設停車場,2,,25.03743158892929,121.50357597376261,34
D101,萬華區,新和國小停車場,2,,25.027662926001845,121.50258294662628,31
D102,萬華區,民和停車場,2,,25.025624448686685,121.4973758073631,27
D104,萬華區,嘟嘟房西門中華站停車場,2,,25.04092657452236,121.5073354155904,19
D105,萬華區,華江橋下停車場,2,,25.03547032814537,121.49226495008377,38
D106,萬華區,華中橋堤外(一)平面停車場,2,,25.017049210897312,121.49242299593783,66
D108,萬華區,環河快速道路停車場,2,,25.03191899825751,121.48858449250822,35
D113,萬華區,嘟嘟房環南市場站停車場,2,,25.030291706570885,121.48927599172734,164
D116,萬華區,台北市第一果菜批發市場堤外專屬停車場,2,,25.01582579639633,121.4985227077962,1586
D12,萬華區,馬場町紀念公園平面停車場,2,,25.020583663617757,121.50604156757814,69
D120,萬華區,TIMES昆明街,2,,25.039371239350704,121.50449615601586,9
D31,萬華區,便利停車場昆明站,2,,25.046508960279205,121.50519685156203,117
D32,萬華區,新光育樂股份有限公司獅子林停車場,2,,25.04565392060245,121.50642485919698,87
D35,萬華區,今日育樂大樓停車場,2,,25.043763443039662,121.50539365739691,17
D37,萬華區,台灣聯通誠品停車場,2,,25.045141844123226,121.50573735898125,18
D4,萬華區,桂林路底堤外停車場,2,,25.039062164426117,121.49556343535436,74
D42,萬華區,新長越內江壹站停車場,2,,25.041099177864158,121.50327522138141,12
D46,萬華區,冠華停車場,2,,25.019399709515433,121.49997102784127,42
D49,萬華區,康成停車場,2,,25.043024119855193,121.50231087187481,13
D54,萬華區,叭叭房水源停車場,2,,25.019331662973446,121.5012689153123,20
D6,萬華區,雙園平面停車場,2,,25.032527744944996,121.48835605941919,147
D61,萬華區,新長越內江站停車場,2,,25.041238509987814,121.50297488165128,6
D62,萬華區,根基西園停車場,2,,25.03941163127313,121.4989676561976,19
D63,萬華區,台灣聯通大世界停車場,2,,25.04310521382307,121.5051465499618,93
D64,萬華區,便利停車場長沙二站,2,,25.040778493933278,121.50560609386864,19
D66,萬華區,華江停車場,2,,25.033495917287446,121.49068332192496,49
D67,萬華區,環河停車場,2,,25.033270724671173,121.4901239364098,18
D71,萬華區,萬華停車場,2,,25.032934093309454,121.49060345094254,28
D72,萬華區,大理停車場,2,,25.03385257493015,121.49572459814235,45
D76,萬華區,綠堤停車場,2,,25.03206479726987,121.4923962370263,49
D8,萬華區,環南市場地下停車場,2,,25.02978768782188,121.48960243975189,78
D83,萬華區,_亭萬華停車場,2,,25.03469323859446,121.50028568662367,30
D85,萬華區,便利停車場東園站,2,,25.023811782915427,121.49761563182612,11
D89,萬華區,長揚停車場康定站,2,,25.03203925057767,121.50036071443306,21
D91,萬華,Times萬華運動中心停車場,2,,25.04733413950036,121.50704697951767,47
D92,萬華,Times萬華夜市,2,,25.035866050491553,121.49743524352034,17
D94,萬華區,華江高中活動中心地下停車場,2,,25.028509721075274,121.4964223973885,35
D95,萬華區,環南堤外停車場,2,,25.029794641258107,121.48785842687074,445
D96,萬華區,臺北市立龍山國民中學停車場,2,,25.03594886452929,121.50603235872062,23
D97,萬華區,西門國小停車場,2,,25.04302634019308,121.50384814984395,32
DA01,萬華區,台灣聯通阿曼TIT停車場,2,,25.044488513812855,121.50673571512357,22
DA02,萬華區,台大醫院北護分院地下停車場,2,,25.041837803493493,121.50355178919459,31
DD01,萬華區,驛馬站收費停車場(中華場),2,,25.026798828988042,121.5068217058625,28
E16,中山區,中山收費停車場,2,,25.051645654180277,121.52091609408916,45
E17,中山區,Times基湖路2,2,,25.07780383062266,121.5643812422199,15
E21,中山區,華陰街臨時平面停車場,2,,25.049231620207006,121.52036161702104,25
E22,中山區,新生公園平面停車場,2,,25.0685644284404,121.53089278936821,29
E23,中山區,Times明水路,2,,25.082126390421394,121.55225398055929,49
E24,中山區,Times 北安路4,2,,25.079319174344214,121.54111087337193,105
E25,中山區,遠百企業(股)公司大直分公司停車場,2,,25.08137061262757,121.55609864551484,194
E26,中山區,TIMES民生合江,2,,25.057587979692077,121.53928210360215,6
E27,中山區,南京復興停車場,2,,25.053208806710774,121.54247151647088,79
E28,中山區,大發停車場,2,,25.063209423914717,121.52514554656149,16
E30,中山區,亞都麗緻大飯店停車場,2,,25.062808801646852,121.52999823547698,19
E33,中山區,國賓大飯店停車場,2,,25.056829671202127,121.52303168998498,29
E37,中山區,民族魚市場停車場,2,,25.066305169449002,121.53711148934872,120
E39,中山區,欣欣停車場,2,,25.053894965402428,121.52702635464787,101
E5,中山區,新生北路高架橋下停車場,2,,25.063245107617686,121.52775074130619,727
E55,中山區,嘟嘟房天祥站停車場,2,,25.063041557085224,121.52047603646177,103
E56,中山區,中山區行政中心停車場,2,,25.064399311003886,121.53350516922352,63
E65,中山區,歐華酒店附設停車場,2,,25.068106446688287,121.52556784364626,32
E77,中山區,台灣聯通安東停車場,2,,25.04607831525153,121.54180219905822,39
E82,中山區,萬萬電腦收費停車場,2,,25.065146168873962,121.52253203067386,21
E85,中山區,TIMES長安東路4,2,,25.04888318331582,121.52676254893078,15
E86,中山,嘟嘟房長安1站停車場,2,,25.04888318331582,121.52676254893078,12
E87,中山,長安東一站停車場,2,,25.048561898823458,121.52783904936308,1
E88,中山區,德惠停車場,2,,25.066876874765818,121.52330547661053,11
E888,中山,Times建國農安,2,,25.065114853322946,121.53627045761631,10
E89,中山,嘟嘟房大直2站停車場,2,,25.0851643617879,121.5521241221122,49
E93,中山區,"薇閣停車場
薇閣停車",2,,25.06056374276196,121.52655678724015,22
EA0,中山區,中山碩尚停車場,2,,25.064255307155857,121.524051275515,5
EA6,中山區,皇廷停車場中山一站,2,,25.049090618410496,121.52160220456196,10
EA8,中山區,新長越中山北路停車場,2,,25.050182217751804,121.52234223963644,11
EB3,中山區,科技島管理顧問股份有限公司安婷停車場,2,,25.055961143365376,121.53038524462126,77
EB4,中山區,新長越五常街停車場,2,,25.064470951551417,121.5422002894334,18
EB7,中山區,金富康新北停車場,2,,25.057582601337547,121.52794331888934,24
EB9,中山區,叭叭房長安站停車場,2,,25.048700455796265,121.52586284071963,16
EC0,中山區,叭叭房八德二停車場,2,,25.045510831709535,121.53871063333818,25
EC6,中山區,長寧大廈地下B1停車場,2,,25.054421500747974,121.5424797574857,36
ED0,中山區,長春金融大樓停車場,2,,25.055003773590997,121.53210872168988,181
ED1,中山區,晟晁新安停車場,2,,25.051658049951282,121.54083327898236,89
ED9,中山區,台灣聯通將捷二場停車場,2,,25.06129307439536,121.53291161398805,59
EE07,中山區,長安東路停車場,2,,25.048817056728584,121.52490438490442,62
EE10,中山區,禾典長春站,2,,25.054388688128913,121.53835178700675,10
EE11,中山區,民生站,2,,25.05910137074861,121.52364117280736,6
EE12,中山區,佳佳廣場計時收費停車場,2,,25.058578307022287,121.5337000996727,8
EE13,中山區,TIMES四平街,2,,25.05378065676301,121.53194007346029,20
EE14,中山區,Times林森五?通,2,,25.049543548647268,121.52561066908578,8
EE15,中山區,南京復興(二)停車場,2,,25.052915038451186,121.54246078339887,138
EE16,中山區,新長越中山大樓停車場,2,,25.056251081332842,121.52345300178875,79
EE17,中山區,萬豪酒店客用停車場,2,,25.08042157814594,121.55886761798274,265
EE18,中山區,詮營敬業停車場,2,,25.08427459291835,121.554212104759,37
EE19,中山區,明水一平面停車場,2,,25.07967854004635,121.55288381879892,49
EE20,中山區,台北美福大飯店地下停車場,2,,25.08031463957025,121.5537018749379,320
EE21,中山區,TIMES長安新生,2,,25.047450061541184,121.53124377825573,23
EE22,中山區,便利停車場天祥站,2,,25.064260240893788,121.52206125577581,58
EE23,中山區,禾典長春站,2,,25.05651101661897,121.52560652383329,39
EE24,中山區,台灣聯通天祥停車場,2,,25.06386529875367,121.52051588788198,11
EE25,中山區,長春立體停車場,2,,25.055369330068803,121.53218702148642,96
EE26,中山區,鴻棋有限公司興安營業所,2,,25.057522422775214,121.54320625099493,24
EE27,中山區,Times南京一江街,2,,25.05233824994651,121.53126829378384,37
EE28,中山區,嘟嘟房四平站停車場,2,,25.053009851313753,121.53578888342011,22
EE29,中山區,長春路平面停車場,2,,25.055369330068803,121.53218702148642,22
EE3,中山區,喜華士停車場,2,,25.062908348584166,121.52819426167645,11
EE4,中山區,國賓大飯店行政大樓停車場,2,,25.05724778794101,121.52363410160925,111
EE5,中山區,嘟嘟房晴光站停車場,2,,25.06511635934876,121.52398270908189,48
EE6,中山區,喜華士停車場新生站,2,,25.063368998196992,121.52816266910304,21
EE8,中山區,建國北路高架橋下,2,,25.05691869650421,121.53693965597851,1983
EF0,中山區,實踐大學停車場,2,,25.08358334265211,121.54612731194318,191
EF3,中山區,助安168長春停車場,2,,25.054464295824072,121.54189998406761,23
EH4,中山區,合發大樓停車場,2,,25.064528528670234,121.52663028429478,26
EH7,中山區,冠偵有限公司,2,,25.061482459207717,121.52221472583359,1
EH9,中山區,台灣聯通建國停車場,2,,25.046920405607057,121.53707075301857,68
EI1,中山區,台灣聯通南京停車場,2,,25.052269472394773,121.53519089144527,241
EI2,中山區,六福皇宮停車場,2,,25.052206239903146,121.54098157508,177
EI6,中山區,嘟嘟房民權二站停車場,2,,25.062141610623815,121.53775648240746,368
EJ11,中山區,助安民生停車場,2,,25.05920783669666,121.54351473321292,3
EJ64,中山區,TIMES復興南路,2,,25.04679000156095,121.54366834472347,21
EJ66,中山區,佛原德惠停車場,2,,25.067581999960186,121.52308245816518,15
EJ67,中山區,潤泰創新國際股份有限公司中崙分公司地下收費停車場,2,,25.047050093135926,121.54236120450345,356
EJ69,中山區,嘟嘟房林森站停車場,2,,25.05591313224212,121.52520446932552,54
EJ70,中山區,日鑫鎮金殿停車場,2,,25.063955115348286,121.52047983378408,10
EK10,中山區,鴻瑞停車場,2,,25.059269242421152,121.52364319651589,25
EK11,中山區,中山停車場,2,,25.06018912790497,121.52431011606448,57
EK12,中山區,基隆河美堤段河濱公園平面停車場,2,,25.076843820995425,121.55484006377483,472
EK14,中山區,中崙第二停車場,2,,25.045468148379896,121.54016850412309,49
EK15,中山區,中崙第一停車場,2,,25.04566208694757,121.53948192979499,49
EK18,中山區,柏盛股份有限公司停車場,2,,25.05954547411909,121.52539946849089,27
EK19,中山區,便利停車場長春二站,2,,25.054606739592387,121.53628215257258,12
EK20,中山區,全方位開發股份有限公司停車場,2,,25.052498167511835,121.52221632245556,30
EK21,中山區,圓山大飯店停車場,2,,25.077768484237968,121.525904748943,357
EK22,中山區,長揚停車場松江二站,2,,25.05072979959096,121.533491651904,4
EK23,中山區,富偉松江場,2,,25.05727648988243,121.53281358486062,4
EK24,中山區,中東停車場,2,,25.048631426711705,121.52774783739595,2
EK25,中山區,維多利亞酒店附設停車場,2,,25.08427683167224,121.55888393968216,84
EK28,中山區,便利停車場建國三站,2,,25.049873996768376,121.53629333496167,95
EK33,中山區,樂群臨時平面停車場,2,,25.082395879356824,121.55881827779027,161
EK39,中山區,長揚停車場北安站,2,,25.08307825464655,121.54975151073711,39
EK40,中山,台北北安停車場,2,,25.079876038042578,121.54862317798793,49
EK43,中山區,合江停車場,2,,25.053750923994414,121.53932216121058,46
EK48,中山區,金利達樂群停車場,2,,25.08242939479113,121.55688927821888,259
EK49,中山區,民生東路停車場,2,,25.058244644978515,121.52369625535017,6
EK5,中山區,美麗信酒店停車場,2,,25.04518484917628,121.5374068335218,119
EK55,中山區,松清國際企業社松清停車場,2,,25.060531212935693,121.5299663806199,22
EK57,中山區,神旺商務酒店停車場,2,,25.051723216007275,121.526788579638,48
EK6,中山區,建國停車場,2,,25.04752642545124,121.53945629051772,40
EK64,中山區,志亨停車場,2,,25.06342965494948,121.53516796780424,13
EK65,中山區,南山民生停車場,2,,25.05760954153224,121.5383223812116,360
EK67,中山區,台灣聯通中山北停車場,2,,25.058864280671628,121.52313666835344,50
EK69,中山區,民生停車場,2,,25.057564581700987,121.52216032739655,15
EK7,中山區,興林開發有限公司林森站,2,,25.05558992300759,121.52567344947397,23
EK70,中山區,TIMES行天宮,2,,25.06371999219377,121.53513776039973,15
EK8,中山區,嘟嘟房復興北站停車場,2,,25.06443136263984,121.54386557695324,52
EK93,中山區,安婷停車場俠隱場,2,,25.052256661104863,121.54220039886985,52
EK94,中山區,禾典南京站,2,,25.051280326530016,121.54274238077124,12
EK97,中山區,吉林停車場,2,,25.04980897987387,121.52883179646186,10
EL10,中山區,台灣聯通德惠場停車場,2,,25.066127476830637,121.52287637655527,10
EL100,中山區,長揚停車場松江站,2,,25.05900294074443,121.5346501913604,6
EL101,中山區,宏達經營管理顧問有限公司龍江停車場,2,,25.051470943917238,121.5380242322655,25
EL103,中山區,應安168僑信停車場,2,,25.0564615050639,121.52679211019766,92
EL104,中山區,台灣捷通林森停車場,2,,25.06011683111544,121.52577598810797,90
EL106,中山區,雙城停車場,2,,25.06557126927863,121.52379272747172,24
EL107,中山區,尚志農安停車場,2,,25.0650478658185,121.52715032532942,4
EL109,中山區,台灣聯通晴光商圈停車場,2,,25.06381858985987,121.52534587242828,92
EL110,中山區,洛碁南京停車場,2,,25.05163728787942,121.5371871614681,57
EL111,中山區,基隆河大佳段河濱公園停車場,2,,25.073772291100326,121.54160639450991,281
EL112,中山區,長安東一停車場,2,,25.047035792304932,121.52934324942542,14
EL113,中山區,長安東二站,2,,25.047195067637052,121.5292159881734,13
EL114,中山區,嘟嘟房新生北站停車場,2,,25.054481320635297,121.52578911834817,40
EL115,中山區,長春一停車場,2,,25.05473385330503,121.52714424362189,70
EL116,中山區,新光三越百貨股份有限公司台北南西分公司三館停車場,2,,25.052892189186103,121.52080227841984,32
EL117,中山區,安原停車場,2,,25.051828498424335,121.52864545679692,12
EL118,中山區,TIMES林森八條通,2,,25.05051885271587,121.5271830570819,9
EL119,大同區,中山美學停車場,2,,25.051837668321582,121.5201104093214,51
EL120,中山區,嘟嘟房林森2站停車場,2,,25.050931240512814,121.52520415945382,126
EL121,中山區,應安168國賓停車場,2,,25.057001949291607,121.52399905128166,4
EL122,中山區,宏達經營管理顧問有限公司林森停車場,2,,25.0608366590606,121.52541600203473,59
EL123,中山區,TIMES市民大道,2,,25.047335055796886,121.52873642094805,11
EL124,中山區,便利停車場建國站（中山大同保管場）,2,,25.053467670721464,121.53770454233333,43
EL126,中山區,嘟嘟房新興國中站停車場,2,,25.060908363246998,121.52587032878448,86
EL127,中山區,大倉久和大飯店地下停車場,2,,25.0524440625605,121.52354955742616,136
EL128,中山區,長揚停車場八德站,2,,25.04651628093434,121.53710304539567,26
EL130,中山區,TIMES松江路停車場,2,,25.056737850930155,121.53095103983927,8
EL131,中山區,TIMES松江路2停車場,2,,25.05649095544271,121.53091052576224,7
EL132,中山區,新興國中站營業所,2,,25.06091372741855,121.52577148943682,14
EL22,中山區,中山大樓停車場,2,,25.055226720756156,121.52199702414303,135
EL23,中山區,新長越長安成停車場,2,,25.04870596280852,121.5281280354371,13
EL24,中山區,禾典中山站,2,,25.066860572522067,121.52411741057378,14
EL25,中山區,TIMES林森北路停車場,2,,25.05677069927627,121.52671013260067,48
EL26,中山區,濱江橋下平面停車場,2,,25.072440339985388,121.54106426474858,18
EL27,中山區,大直停車場,2,,25.08285095815685,121.55874059745283,43
EL28,中山區,禾典長春站,2,,25.054536287995944,121.53834684504864,10
EL30,中山區,安婷停車場京王站,2,,25.054653365961244,121.532510879331,25
EL31,中山區,禾典民權站,2,,25.063032231209398,121.52453995227212,58
EL33,中山區,榮星新城停車場,2,,25.06205340805134,121.53977604704674,48
EL36,中山區,應安龍江停車場(中山大同保管場),2,,25.05402448635661,121.5400420841143,90
EL37,中山區,格子房-行天宮站停車場,2,,25.06501099179179,121.53363516348877,42
EL42,中山區,七條通機車停車場,2,,25.050617115403867,121.52615965066447,0
EL43,中山區,TIMES國泰南京,2,,25.051444446698028,121.54113526886759,30
EL47,中山區,TIMES中山北路,2,,25.05017922367347,121.52279272889997,8
EL50,中山區,遼寧街185巷7弄機車平面停車場,2,,25.053544810283306,121.54272673227075,0
EL51,中山區,遼寧街199巷15號機車平面停車場,2,,25.0540343571331,121.54280515067234,0
EL52,中山區,新長越長安大樓停車場,2,,25.049209250241322,121.52354821498284,146
EL53,中山區,光復東村廣場平面停車場,2,,25.05297140387225,121.54115769753126,182
EL56,中山區,新光三越百貨(股)公司台北南西分公司停車場,2,,25.05216019941484,121.5209735996215,164
EL57,中山區,新光三越百貨(股)公司台北南西分公司二館停車場,2,,25.05207953400758,121.52059675159501,24
EL58,中山區,晶華酒店附設停車場,2,,25.054157985654687,121.52424394000485,136
EL60,中山區,便利停車場林森站,2,,25.056082239435685,121.52525509744018,44
EL61,中山區,明水(二)停車場,2,,25.085281651161583,121.55288083502512,80
EL63,中山區,金利達樂群二場停車場,2,,25.082416416702078,121.5594306376806,27
EL68,中山區,康華停車場,2,,25.0600189368828,121.53279101746203,100
EL7,中山區,應安168長安東停車場,2,,25.047977136488512,121.52626349440463,21
EL73,中山區,TIMES農安街,2,,25.065037295020183,121.53132694158653,29
EL75,中山區,嘟嘟房首都飯店站停車場,2,,25.05272628381474,121.53734175589864,97
EL76,中山區,華泰大飯店停車場,2,,25.057748140767583,121.5257361312705,15
EL79,中山區,新長越林森北停車場,2,,25.048063725927875,121.52654648175799,6
EL80,中山區,嘟嘟房松江2站停車場,2,,25.055867109868366,121.53219246459852,48
EL81,中山區,綺麗館停車場,2,,25.079808623796207,121.55190416479799,50
EL83,中山區,龍江八德站停車場,2,,25.04752715757261,121.54055753421216,74
EL84,中山區,益彩國際股份有限公司-長春停車場,2,,25.053488604268566,121.53884146113202,44
EL85,中山區,TIMES長安東路2,2,,25.047789103754486,121.531018686179,33
EL86,中山區,埃莫停車場,2,,25.061080040242064,121.52577362841183,62
EL87,中山區,宏達經營管理顧問有限公司農安停車場,2,,25.064798108563714,121.52322028169354,92
EL88,中山區,晉星金泰停車場,2,,25.08046186219545,121.55228539719026,36
EL89,中山區,麒園停車場,2,,25.063045262132597,121.52376019606916,42
EL90,中山區,蕭邦停車場,2,,25.04866683515024,121.52975833705366,70
EL92,中山區,TIMES中山市場停車場,2,,25.050753188524364,121.52102227739482,5
EL94,中山區,台灣聯通美麗華停車場,2,,25.082460877273135,121.55508147476814,184
EL95,中山區,教育大學停車場,2,,25.079266402618288,121.5400015268294,54
EL96,中山區,便利停車場民生站,2,,25.057585051585836,121.53872359627628,195
EL98,中山區,台灣聯通松江停車場,2,,25.051519041408376,121.53338053647045,40
EM01,中山區,禾典林森站停車場,2,,25.063848484991325,121.52363995026288,15
EM02,中山區,TIMES敬業一路停車場,2,,25.08436147440291,121.5529246115156,79
EM03,中山區,應安農安停車場,2,,25.06466744275845,121.5258754622105,29
EM04,中山區,TIMES伊通街停車場,2,,25.05278884684706,121.53608117733513,23
EM05,中山區,六福居停車場,2,,25.05187357434407,121.52414026719337,54
EM06,中山區,台灣聯通將捷一停車場,2,,25.052795451172578,121.53253991439986,37
EM07,中山區,永峰典華停車場,2,,25.083790258438867,121.55393294528947,22
EM08,中山區,TIMES民生東路,2,,25.05781127299913,121.52829626086887,6
EM09,中山區,嘟嘟房大直站停車場,2,,25.084340893401613,121.5526221022026,49
EM10,中山區,台灣聯通行天宮停車場,2,,25.062883950587207,121.53511189983719,9
EM11,中山區,美麗華百樂園地下停車場,2,,25.082918255199264,121.55679035325113,681
EM12,中山區,台灣聯通大松江場停車場,2,,25.0594774526097,121.5334248495166,114
EM13,中山區,和逸民生停車場,2,,25.057534193310026,121.53628543316856,24
EM14,中山區,嘟嘟房家樂福大直站停車場,2,,25.082398145661234,121.55779087177666,268
EM15,中山區,禾典中南站,2,,25.05142118415255,121.52262846437598,11
EM16,中山區,八德路停車場,2,,25.046877212065297,121.53977284955447,69
EM17,中山區,博客停車場美麗華場,2,,25.08500185826575,121.553783562012,71
EM18,中山區,達人停車場,2,,25.082156472445558,121.55157784494045,14
EM19,中山區,禾典吉林站停車場,2,,25.05427823895807,121.53031287494528,30
EM20,中山區,廣朋建設中崙一站停車場,2,,25.04566208694757,121.53948192979499,45
EM21,中山區,廣朋建設中崙二站停車場,2,,25.04566208694757,121.53948192979499,49
EZ66,中山區,Times站前華陰,2,,25.048923242536663,121.52069684816885,16
F11,中正區,便利停車場臨沂五站,2,,25.036423855574288,121.52879384948346,16
F2,中正區,永昌停車場,2,,25.027730196133202,121.51008180621307,20
F3,中正區,Four Seasons台大停車場,2,,25.01704024405814,121.5306046482797,22
F30,中正區,喜來登站,2,,25.044848215522247,121.52204935864665,218
F31,中正區,仰德大樓停車場,2,,25.0330464577098,121.51637231711813,115
F32,中正區,便利停車場重慶二站,2,,25.02370721223732,121.5165124972945,19
F34,中正區,金融中心停車場,2,,25.043032881029326,121.5293888718293,149
F37,中正區,台大醫院停車場,2,,25.040320297173725,121.51860387099157,211
F38,中正區,新光人壽摩天大樓停車場,2,,25.045671727095574,121.51529252818085,470
F48,中正區,台北凱撒大飯店停車場,2,,25.04617630705908,121.51639678201462,13
F49,中正區,一銀大樓地面停車場,2,,25.045585913596597,121.51302920714832,16
F55,中正區,便利停車場濟南站,2,,25.03969754596735,121.5319518652866,16
F57,中正區,遠東百貨台北分公司,2,,25.041355916274323,121.50911085375613,16
F60,萬華區,貴陽街機械式立體停車場,2,,25.039318332127998,121.50570850757256,41
F61,萬華區,嘟嘟房貴陽站停車場,2,,25.039318332127998,121.50570850757256,31
F63,中正區,臺北市中正區行政中心停車場,2,,25.032460145417083,121.5181320987903,97
F64,中正區,TIMES杭州南路2停車場,2,,25.039373706861205,121.5266215161454,18
F65,中正區,助安企業有限公司臨沂二停車場,2,,25.034849691144696,121.52966166330738,11
F67,中正區,台北市公有南門市場停車場,2,,25.03238750687765,121.5181746282653,23
F70,中正區,灃興停車場,2,,25.027670349947794,121.51543716545864,2
F72,中正區,館前停車場,2,,25.046419594063074,121.51476030113045,6
F76,中正區,便利停車場華山二站,2,,25.045641143745435,121.52600261066748,48
F77,中正區,希望廣場停車場,2,,25.044404525211597,121.53220368744805,45
F78,中正區,長揚停車場館前站,2,,25.045632570036982,121.51478249346907,48
F82,中正區,臨沂停車場,2,,25.035618408650876,121.52846550611869,15
F83,中正區,錢櫃新聲停車場,2,,25.04279117185861,121.50893176860862,27
F87,中正區,嘟嘟房南昌站停車場,2,,25.03130466939134,121.51696216848632,1
F89,中正區,德璞悅松園停車場,2,,25.034774989071156,121.52986782456598,23
F91,中正區,TIMES濟南路二段,2,,25.04113397718148,121.52719508404152,39
F92,中正區,應安168博愛停車場,2,,25.04611449738368,121.51107080696937,38
F98,中正區,新長越金山南路停車場,2,,25.042611964352407,121.52948577251775,11
FA01,中正區,汀州路停車場,2,,25.015587653177036,121.5313372278849,24
FA02,中正區,台企大樓地下停車場,2,,25.046591707454688,121.51307123519226,8
FA03,中正區,臨沂街臨時平面停車場,2,,25.041764862569444,121.53116842482385,4
FA04,中正區,臨沂街臨時平面停車場(一),2,,25.0418227190778,121.53095497570558,17
FA05,中正區,驛馬站收費停車場(汀州場),2,,25.01436096700468,121.53298209463372,13
FA06,中正區,資訊廣場停車場,2,,25.04470591985376,121.5326416580597,48
FA07,中正區,資訊廣場二停車場,2,,25.04470591985376,121.5326416580597,115
FA7,中正區,台北地下街停車場,2,,25.048512571490146,121.51801065754942,392
FB6,中正區,台大校友聯誼社停車場,2,,25.042849239065674,121.51962978667987,15
FC3,中正區,嘟嘟房北門站停車場,2,,25.046682104764535,121.51021317869932,49
FD1,中正區,忠孝機車平面停車場,2,,25.048084981383678,121.51139777013012,0
FD16,中正區,宏達經營管理顧問有限公司延平停車場,2,,25.03374333244763,121.50757057407031,57
FD18,中正區,叭叭房牯嶺站停車場,2,,25.02685722282129,121.51860798692063,8
FD32,中正區,根基詔安停車場,2,,25.02724414527705,121.508867181451,5
FD44,中正區,應安168金山停車場,2,,25.042421907586924,121.52922941893169,56
FD46,中正區,便利停車場臨沂三站,2,,25.03668020309352,121.52898801154976,22
FD48,中正區,恆泰停車場,2,,25.04487460082172,121.52481762227157,66
FD49,中正區,好庭車停車場,2,,25.024967738214002,121.52151037697567,6
FD50,中正區,應安168黎明停車場,2,,25.033957702178153,121.53053941555702,45
FD51,中正區,嘟嘟房仁愛新生2站停車場,2,,25.03785832717515,121.53199281259596,22
FD52,中正區,琦機仁愛停車場,2,,25.037833999526118,121.5315951459176,42
FD55,中正區,應安168北平東停車場,2,,25.04566968735633,121.52581708132637,61
FD57,中正區,臺北市螢橋國小停車場,2,,25.02556775220827,121.51383851915764,25
FD59,中正區,禾典忠孝前站,2,,25.046583388926834,121.51378387230564,37
FD60,中正區,嘟嘟房牯嶺2站停車場,2,,25.025732213427624,121.51917702089355,67
FD61,中正區,台灣聯通衡陽停車場,2,,25.042392440871367,121.51216689157928,150
FD62,中正區,禾典光華站,2,,25.04334182297766,121.53054119569599,47
FD64,中正區,財團法人張榮發基金會地下停車場,2,,25.03860567926945,121.5191533141008,96
FD66,中正區,新長越杭州南路站停車場,2,,25.039118009296196,121.52779720547105,8
FD67,中正區,中華電信仁愛停車場,2,,25.03675026198152,121.52435012501132,133
FD68,中正區,台大醫院兒童醫療大樓停車場,2,,25.044370360905727,121.51885387405893,314
FD71,中正區,螢橋國中停車場,2,,25.0188230265565,121.52660748374602,40
FD72,中正區,廣州街停車場,2,,25.03593162042179,121.50914345543706,52
FD74,中正區,TIMES和平西路停車場,2,,25.027033395884214,121.52115409706404,10
FD75,中正區,廈門停車場,2,,25.024829978050228,121.51759808377807,10
FD78,中正區,公館水岸新世界機車臨時停車場,2,,25.0130139194586,121.53423546190425,0
FD80,中正區,台北花園大酒店機械停車場,2,,25.036268928666342,121.50726091339989,108
FD81,中正區,台灣聯通臺大水源停車場,2,,25.01462121297372,121.53012248340991,343
FD82,中正區,龍昌大樓機電管理顧問股份有限公司和平營業處,2,,25.035604660628415,121.50734910902386,9
FD84,中正區,台北花園大酒店平面停車場,2,,25.036707925679455,121.50695674198928,100
FD85,中正區,四方開發重慶站,2,,25.030398308246287,121.51483211326273,5
FD88,中正區,TIMES廣州街停車場,2,,25.035686344748306,121.50843676659339,40
FD89,中正區,同安停車場,2,,25.024764719234216,121.52102152654372,4
FD90,中正區,Times延平南路2停車場,2,,25.044469136469,121.51052238087789,21
FD91,中正區,TIMES杭州南路,2,,25.03783181867554,121.52568289279337,12
FD92,中正區,行一大客車平面停車場,2,,25.04721197342001,121.52164549158216,0
FD93,中正區,三軍總醫院汀州院區停車場,2,,25.016337008156174,121.52977587086839,74
FD94,中正區,華倫汽車有限公司停車場,2,,25.032553437643422,121.51914148962258,18
FD97,中正區,巧巧生活事業有限公司,2,,25.026601829197375,121.52238879853387,66
FD99,中正區,台大會議中心停車場,2,,25.039374535122793,121.52107670778729,83
FE01,中正區,行一機車平面停車場,2,,25.047685868904807,121.52105803874382,0
FE03,中正區,廣州街(二)停車場,2,,25.035482398782246,121.50967707328522,81
FE04,中正區,南華高中收費停車場,2,,25.015481362849517,121.53143034901954,18
FE05,中正區,安婷停車場中正場,2,,25.026407462892593,121.52080267514131,64
FE06,中正區,鼎晟停車場,2,,25.04572333241821,121.51573304901746,95
FE07,中正區,便利停車場林森三站,2,,25.044139212286943,121.52291207594656,26
FE08,中正區,杭州停車場,2,,25.03639908700488,121.52643283376581,7
FE09,中正區,助安牯嶺停車場,2,,25.027003538012114,121.51849431695372,5
FE11,中正區,TIMES信義永康停車場,2,,25.033961459735558,121.53098733427325,15
FE12,中正區,應安168仁愛二停車場,2,,25.037901355668254,121.52547692677963,75
FE13,中正區,中山南路2巷臨時平面停車場,2,,25.04514244766535,121.51797652618838,27
FE14,中正區,TIMES和平西路2停車場,2,,25.028614022322287,121.51242767884607,14
FE15,中正區,中山南路2巷(一)臨時平面停車場,2,,25.04548706736419,121.5177135274715,0
FE16,中正區,博客停車場牯嶺站,2,,25.029041935427873,121.51697519672369,6
FE18,中正區,臺北市客家文化中心附設地下停車場,2,,25.020403463025346,121.52502727251456,64
FE19,中正區,華山國際動漫城停車場,2,,25.044291779775737,121.53049475626122,39
FE20,中正區,河堤停車場,2,,25.023493309388638,121.52180884549746,8
FE22,中正區,青田停車場,2,,25.02819737909463,121.5318433502588,10
FE23,中正區,中正牯嶺街一停車場,2,,25.029159683180456,121.51725973622032,10
FE26,中正區,TIMES潮州街停車場,2,,25.029947321011967,121.5208679938671,45
FE27,中正區,嘟嘟房信義3站停車場,2,,25.03395321265085,121.53103936237112,14
FE32,中正區,華山停車場,2,,25.0446055679614,121.52851333236907,70
FE33,中正區,台北市青島社區管理委員會停車場,2,,25.043555983046456,121.52409439224866,83
FE34,中正區,應安168中華停車場,2,,25.034115376940075,121.5058835355182,42
FE35,中正區,TIMES 仁愛路二段,2,,25.03802603943714,121.52675838139449,20
FE36,中正區,華山停車場,2,,25.04597028262003,121.52617178036779,50
FF01,萬華區,誌誠停車場,2,,25.032214575984042,121.50478059620764,5
FF02,中正區,重慶南路停車場,2,,25.04485093645063,121.5130528718923,74
FF03,中正區,開封街停車場,2,,25.046089381926965,121.51290885263697,1
FF04,中正區,助安168杭南二停車場,2,,25.035990682400694,121.5249166506288,23
FF05,中正區,希望廣場,2,,25.04644498427226,121.52432783744604,40
FF06,中正區,中山堂地下停車場,2,,25.04401230182973,121.51045808609118,440
FF07,中正區,歐特儀股份有限公司台北車站西側停車場,2,,25.047633488782648,121.51653016252824,100
FF08,中正區,TIMES齊東街2,2,,25.042174310951896,121.52785049124049,6
FF09,中正區,便利停車場中華站,2,,25.042737121067717,121.50929417222933,22
FF10,中正區,牯嶺停車場,2,,25.029140196801443,121.51695044266667,10
FF11,中正區,榮帝科技喜來登平面停車場,2,,25.04431710326815,121.52388057498406,11
FF67,中正,聯永物業股份有限公司臨沂站,2,,25.035618408650876,121.52846550611869,4
FF68,中正,臺北市立聯合醫院和平婦幼院區停車場,2,,25.02908268315905,121.51929045732497,8
FF69,中正,嘟嘟房臺北車站西站停車場,2,,25.047466948854485,121.51663885603374,97
FF70,中正,驛東交停企業有限公司古亭站,2,,25.027694541738146,121.52141220041521,16
FF71,中正,宏達經營管理顧問有限公司徐州停車場,2,,25.040973543015028,121.52150387980136,83
G1,大安區,永康街停車場,2,,25.029605415231167,121.52938095646591,3
G11,大安區,辛亥路高架橋下停車場,2,,25.022410954378742,121.53367409611671,90
G13,大安區,大安教會停車場,2,,25.02737652162133,121.5469644916981,45
G17,大安區,義光站,2,,25.035428694575824,121.53509147667596,9
G18,大安區,巔峰機械塔停車場,2,,25.03448838051447,121.54329875516275,58
G2,大安區,新長越臥龍街停車場,2,,25.023753827010975,121.54724733248882,14
G28,大安區,TIMES浦城街停車場,2,,25.024656293194646,121.5279518827197,10
G29,大安區,TIMES忠孝東路停車場,2,,25.04292704572652,121.55125316220128,10
G3,大安區,延吉廢鐵道停車場,2,,25.043687477763907,121.55458790229198,231
G31,大安區,明曜百貨停車場,2,,25.041228228296863,121.55206527213802,65
G32,大安區,TIMES泰順街2,2,,25.025055305590538,121.53126721623886,10
G33,大安區,福華大飯店附設停車場,2,,25.03763764994487,121.54306386064664,85
G34,大安區,羅馬洗車場,2,,25.04202250198344,121.55062086684164,12
G36,大安區,國立台灣師範大學圖書館校區地下停車場,2,,25.027304585748606,121.5288152663731,250
G40,大安區,敦化大樓停車場,2,,25.039039779369897,121.54925918205014,62
G43,大安區,金山停車場,2,,25.032834255500905,121.52721420039207,138
G47,大安區,祥龍驛瑞安站停車場,2,,25.025934411730294,121.54045176211515,98
G48,大安區,公務人力發展中心福華國際文教會館停車場,2,,25.02365514735695,121.5341894941954,111
G58,大安區,建成大廈停車場,2,,25.04125583296546,121.55030194543832,23
G69,大安區,瑞安停車場,2,,25.025760377582348,121.53878214993226,16
G72,大安區,崇光百貨停車場,2,,25.041909672015983,121.54481362452333,106
G76,大安區,錢櫃忠孝停車場,2,,25.041342540997338,121.5443200989194,98
G78,大安區,東豐街停車場,2,,25.035887325450624,121.54448275376565,11
G82,大安區,太平洋崇光百貨(股)公司敦化分公司停車場,2,,25.040155941834698,121.54835967634813,16
G83,大安區,大安區行政中心停車場,2,,25.0266638255732,121.53447822966133,115
G85,大安區,台灣捷通安和場,2,,25.029371426941758,121.5504377610592,50
G86,大安區,國立臺灣大學臨時停車場,2,,25.017089818641313,121.53379487031407,1082
G89,大安區,應安168華視停車場,2,,25.043487616227083,121.55749569673537,124
G95,大安區,應安168敦南停車場,2,,25.031253849050596,121.54825842073538,31
G97,大安區,月娥停車場,2,,25.0353066953432,121.54928870400245,6
G98,大安區,九如大樓停車場,2,,25.04204220926192,121.54999047574896,9
GA0,大安區,敦安停車場,2,,25.035377824715205,121.549530972143,4
GA06,大安,台北安和2停車場,2,,25.03107654544336,121.55023463406272,47
GA07,大安,Times信義復興2,2,,25.03543304251477,121.54315945066213,6
GA08,大安,千里亭有限公司復興南路停車場,2,,25.029504618471194,121.54382585633454,39
GA09,大安,國立臺灣大學附設動物醫院臨時停車場,2,,25.015753053313755,121.54304832417208,11
GA1,大安區,叭叭房信義站停車場,2,,25.033382107869418,121.53104376206365,8
GA2,大安區,嘟嘟房建南站停車場,2,,25.03515830181249,121.53627670021558,17
GA3,大安,多多站收費停車場(建國南場),2,,25.03515830181249,121.53627670021558,33
GA4,大安,臺北市立聯合醫院仁愛院區停車場,2,,25.037483368490143,121.54500498543483,41
GA5,大安區,嘟嘟房師大站停車場,2,,25.026764708773193,121.52360509233871,3
GB1,大安區,大統領停車場,2,,25.041775551423676,121.55116393165906,9
GB2,大安區,岳洋敦南停車場,2,,25.026625155265783,121.54930032082703,48
GB3,大安區,金山南路停車場,2,,25.028298848170493,121.5259969903133,24
GB4,大安區,文化大學大夏館停車塔,2,,25.026009661190034,121.53813966262938,40
GB6,大安區,榕樹下停車場,2,,25.03512495948063,121.54926448870705,23
GB7,大安區,光復平面停車場,2,,25.038744226740892,121.55735533668103,19
GC2,大安區,中順停車場,2,,25.02261048286198,121.53171636387819,3
GC4,大安區,金門停車場,2,,25.02437600233165,121.52475928564927,4
GC5,大安區,長伸停車場,2,,25.032545832421437,121.5559333218906,14
GC7,大安區,慕求花園停車場,2,,25.033592987772888,121.5473722931399,19
GC8,大安區,永康站停車場,2,,25.03255929485813,121.53022928961636,16
GD8,大安區,福華大飯店平面停車場,2,,25.03672974112921,121.5432709520694,44
GE0,大安區,忠興停車場,2,,25.041908422207996,121.54436345651592,4
GE7,大安區,市農會B區收費停車場,2,,25.03747348514272,121.54247698519075,83
GF4,大安區,嘟嘟房復興三站停車場,2,,25.03996675908447,121.54273182636241,19
GF5,大安區,嘟嘟房復興二站停車場,2,,25.039663344637983,121.54292158814619,11
GF6,大安區,嘟嘟房復興一站停車場,2,,25.039716057618737,121.54319359383915,7
GF8,大安區,喬合停車場,2,,25.042526392583266,121.5432040992162,36
GF9,大安區,大安文山保管場,2,,25.036685723869173,121.54181497542311,44
GG0,大安區,市農會A區收費停車場,2,,25.036264121917654,121.54330472801315,46
GG1,大安區,市農會C區收費停車場,2,,25.036324912723014,121.54275495391923,48
GG10,大安區,新生南路停車場,2,,25.04055489724028,121.53565457748519,5
GG11,大安區,長誼停車場,2,,25.039170773243818,121.55396709812737,3
GG12,大安區,青田街停車場,2,,25.02825349957451,121.53318067248088,32
GG13,大安區,逸寬文旅大安館附設收費停車場,2,,25.038932413469624,121.5442700930208,56
GG14,大安區,嘟嘟房師大2站,2,,25.027572203208898,121.52579595338214,5
GG15,大安區,新長越安東街停車場,2,,25.0444144892393,121.54231916376466,6
GG16,大安區,Times敦南信義,2,,25.03236503305037,121.54935997304652,47
GG17,大安區,仁愛本真停車場,2,,25.040455203154227,121.54533678897697,133
GG18,大安區,驛馬站收費停車場,2,,25.02518167778954,121.53602403724004,12
GG19,大安區,驛馬站收費停車場,2,,25.023545948833867,121.55007383558696,9
GG2,大安區,台灣聯通中興停車場,2,,25.047351684498867,121.54421960752362,18
GG20,大安區,敦和停車場,2,,25.031938178623992,121.54968212662186,37
GG21,大安區,助安168杭南三停車場,2,,25.029866244517855,121.52434521825593,12
GG22,大安區,禾典溫州站,2,,25.02283550294436,121.53301345422975,7
GG6,大安區,成功站停車場,2,,25.02638399945735,121.54432723748833,22
GG7,大安區,成功國宅第10棟停車場,2,,25.02778971704106,121.54515019448495,6
GG8,大安區,便利停車場敦南站,2,,25.0444078187257,121.54947493679524,83
GG9,大安區,復興站停車場,2,,25.039098158896298,121.54447846048134,6
GH2,大安區,便利停車場大安地政事務所二站,2,,25.03340645563053,121.5566007032363,7
GH3,大安區,便利停車場大安地政事務所一站,2,,25.033988066803325,121.55663261149226,5
GH4,大安區,連昇台大停車場,2,,25.017023422072498,121.53264218991902,12
GH5,大安區,道慈大樓停車場,2,,25.034946039218255,121.54392362427008,135
GH6,大安區,應安168四維停車場,2,,25.03110781923392,121.54786565267736,3
GH7,大安區,莎軒停車場,2,,25.030732846027227,121.5563553482008,24
GH9,大安區,嘟嘟房通化夜市1站停車場,2,,25.02816328962717,121.55385506155316,49
GI4,大安區,助安忠孝停車場,2,,25.04339474280729,121.55286542913159,3
GJ3,大安區,復旦停車場,2,,25.044131961548214,121.54949011930677,26
GK37,大安區,敦南大樓停車場,2,,25.029290697034543,121.54922822491221,122
GK4,大安區,敦南停車場,2,,25.02703356675627,121.54911290056621,49
GK43,大安區,叭叭房潮洲站停車場,2,,25.028348224997114,121.52509708795117,7
GK44,大安區,嘟嘟房和平東站停車場,2,,25.02719807212237,121.52421272197876,13
GK46,大安區,富邦金融大樓停車場,2,,25.038292890132773,121.55220754713392,379
GK47,大安區,宏都金殿停車場,2,,25.02839822221201,121.5497734022339,8
GK7,大安區,海泉停車場,2,,25.033615253041706,121.54289070937295,15
GK81,大安區,農會停車場,2,,25.044406977873795,121.53969539400158,50
GK90,大安區,太平洋崇光百貨股份有限公司復興店停車場,2,,25.040979531791262,121.5430014114917,630
GK94,大安區,宏遠大樓停車場,2,,25.032700958733496,121.55295683641073,149
GK95,大安,多多站收費停車場(文昌場),2,,25.032700958733496,121.55295683641073,24
GK99,大安區,國立台灣師範大學運動場地下停車場,2,,25.02630101446464,121.52775248903612,426
GL01,大安區,上通停車場,2,,25.041041485503268,121.54982482732795,12
GL02,大安區,日發師大路停車場,2,,25.02280728617045,121.52727406172279,42
GL04,大安區,忠孝新生站停車場,2,,25.041751808131007,121.53480030494497,49
GL05,大安區,臨江停車場,2,,25.030655305458165,121.55308141482251,17
GL06,大安區,禾典大安站,2,,25.02783113792796,121.54700405180117,9
GL07,大安區,通安停車場,2,,25.030655305458165,121.55308141482251,16
GL08,大安區,鼎晟停車場,2,,25.044208417550568,121.55017046739438,47
GL13,大安區,臺北市立芳和國民中學停車場,2,,25.018768009079125,121.55007354110727,38
GL17,大安區,銀座停車場,2,,25.04273559169778,121.55138953217846,9
GL18,大安區,財團法人臺北市私立復興實驗高級中學附設地下停車場,2,,25.03939771686565,121.54837240724562,78
GL21,大安區,羅斯福路停車場,2,,25.025500863194033,121.52389513542309,4
GL22,大安區,嘟嘟房四維站停車場,2,,25.026098407617106,121.54689558962039,7
GL24,大安區,永康停車場,2,,25.0332174717993,121.5313101913037,78
GL25,大安區,TIMES金華街,2,,25.02878059345475,121.53042466977998,19
GL26,大安區,鈞曜大安場,2,,25.0305574231905,121.53860218298155,199
GL29,大安區,國立臺灣師範大學臥龍街停車場,2,,25.023029064744414,121.54705509701573,49
GL30,大安區,帝國延吉停車場,2,,25.044181878000472,121.55426167781408,11
GL31,大安區,泰順街停車場,2,,25.022346300545912,121.52955534152348,6
GL32,大安區,華視大樓地下停車場,2,,25.043341767303872,121.55681313452068,98
GL38,大安區,助安杭州南停車場(1),2,,25.033622658617272,121.52462006667373,3
GL39,大安區,停車棧忠孝復興站,2,,25.041913222151628,121.54343499746865,19
GL40,大安區,助安杭州南停車場,2,,25.033551538612492,121.52473393817797,2
GL42,大安區,應安168華視二停車場,2,,25.043769759051717,121.55699385812234,15
GL43,大安區,師大路停車場,2,,25.022709803601092,121.52889777198017,5
GL44,大安區,大崴物業管理股份有限公司,2,,25.043812286396527,121.55574462954903,24
GL45,大安區,鴻霖停車場,2,,25.038457127059033,121.5449051268739,30
GL47,大安區,嘟嘟房永康2站停車場,2,,25.031733032485683,121.53077471208785,11
GL48,大安區,北歐停車場,2,,25.03745267667752,121.55218988407042,26
GL49,大安區,臺北市大安區仁愛國民小學停車場,2,,25.03571640194919,121.55226555839535,21
GL50,大安區,臺北市立大安國中（停車場）,2,,25.030851342113838,121.54756831115272,30
GL51,大安區,臺北市立金華國民中學,2,,25.031407676866564,121.53308036756928,51
GL52,大安區,臺北市立仁愛國民中學停車場,2,,25.036774919950197,121.55153616123688,43
GL53,大安區,楊停車場,2,,25.02778423377894,121.5554362570465,2
GL54,大安區,捷運科技大樓站機車停車場,2,,25.025918041547946,121.54311591948098,0
GL55,大安區,國泰綜合醫院分館停車場,2,,25.036427007063164,121.55468776832703,12
GL56,大安區,國泰綜合醫院本館停車場,2,,25.036787540118542,121.55322295736896,17
GL57,大安區,椰林停車場,2,,25.035270017765534,121.54580665992167,41
GL60,大安區,樂業停車場,2,,25.02378767265119,121.55009994024245,10
GL61,大安區,順康尊賢停車場,2,,25.013179397097304,121.53652576320317,24
GL62,大安區,TIMES新生南路停車場,2,,25.035059874216397,121.53684525271147,8
GL63,大安區,TIMES羅斯福路停車場,2,,25.024092998483024,121.52543038761478,8
GL64,大安區,長揚停車場敦南站,2,,25.031227992481433,121.55004312673991,2
GL67,大安區,禾典信義站停車場,2,,25.032468640660127,121.54613796036543,9
GL68,大安區,科技站停車場,2,,25.024309190659753,121.54273750155211,6
GL69,大安區,TIMES臥龍街,2,,25.02106923289006,121.54796205083713,17
GL71,大安區,日發浦城街停車場,2,,25.02289014409815,121.5268613555839,11
GL72,大安,臺北市大安運動中心停車場,2,,25.020516137706192,121.54620296834146,52
GL75,大安區,禾典市民站,2,,25.044204168076245,121.54300521901251,13
GL77,大安區,好庭車停車場,2,,25.03064378899519,121.52263575926548,69
GL78,大安區,順福停車場,2,,25.039918805172196,121.54451233257798,7
GL79,大安區,嘟嘟房敦化站停車場,2,,25.044201618828776,121.55185972841245,31
GL81,大安區,好停停車場,2,,25.033572087759527,121.54615582367667,9
GL82,大安區,台新停車場,2,,25.037396960283072,121.54995009898869,170
GL88,大安區,中信停車場,2,,25.03386139867873,121.5470709156311,23
GL89,大安區,帝國綠舞停車場,2,,25.02283998482179,121.54706004344786,42
GL92,大安區,夏合樂業停車場,2,,25.023332087830365,121.54977087215632,2
GL95,大安區,台灣聯通統領停車場,2,,25.04200959591811,121.55049860879507,15
GL97,大安區,仁光瑞安站停車場,2,,25.02628054541979,121.54005324899033,20
GL98,大安區,TIMES金山南路,2,,25.032929051278007,121.52842374072713,5
GM01,大安區,好庭車大安停車場,2,,25.032969822228544,121.5474812586668,120
GM02,大安區,TIMES基隆路,2,,25.023160562782692,121.55075612157655,25
GM03,大安區,TIMES和平東路,2,,25.025954659212953,121.53293718223095,8
GM04,大安區,四維廣場停車場,2,,25.034533538947972,121.54820104799636,38
GM05,大安區,安祥公園旁平面停車場,2,,25.034219507264808,121.54284217409908,12
GM06,大安區,溫州停車場,2,,25.02105843210048,121.53319767570407,17
GM07,大安區,大崴停車場(B棟),2,,25.04365621874095,121.55534085048372,7
GM08,大安區,大崴停車場,2,,25.04386737974436,121.55529273070708,18
GM09,大安區,TIMES敦化南路,2,,25.032623400769516,121.54828297398483,8
GM10,大安區,TIMES永康街,2,,25.03005609490584,121.52974975181394,11
GM11,大安區,嘟嘟房瑞安站停車場,2,,25.025687355362415,121.53934785203924,47
GM13,大安區,七鼎信義停車場,2,,25.033398748572097,121.55645865002288,14
GM14,大安區,南華停車場,2,,25.043313722185438,121.54299519002554,26
GM15,大安區,信義路停車場,2,,25.032235236210873,121.53937987524128,8
GM16,大安區,禾典羅斯福站,2,,25.02667912022793,121.52373484491224,8
GM18,大安區,大崴停車場(地下室),2,,25.04411527765912,121.55535114049862,3
GM19,大安區,黎元大樓地下停車場,2,,25.016115837797738,121.55085497059315,38
GM20,大安區,八德路二段臨時平面停車場,2,,25.044889488496903,121.53385782838227,8
GM21,大安區,TIMES樂業街停車場,2,,25.023503470059094,121.55088456639827,22
GM22,大安區,TIMES泰順街,2,,25.02204241449437,121.53066505330322,10
GM23,大安區,博客停車場文昌站,2,,25.03268421056126,121.55022325048208,3
GM24,大安區,長揚停車場仁愛站,2,,25.036712064088345,121.54471073243973,9
GM25,大安區,嘟嘟房敦南2站停車場,2,,25.032022752048075,121.54922604781535,56
GM26,大安區,驛林交通股份有限公司基泰台大站,2,,25.017294748737424,121.53211359441629,134
GM27,大安區,嘟嘟房敦南誠品站停車場,2,,25.039145515359674,121.54969272769877,73
GM29,大安區,長揚停車場信義站,2,,25.03342284333716,121.53190089119549,32
GM31,大安區,禾典師大站,2,,25.023601657972883,121.530052028819,8
GM32,大安區,安敦停車場,2,,25.03415582929632,121.54642190209955,20
GM33,大安區,201停車場,2,,25.041976504133242,121.55099701080938,26
GM34,大安區,台北慕軒停車場,2,,25.034016561990107,121.54932452277365,40
GM37,大安區,國立台灣大學芳蘭第一平面停車場,2,,25.012202441541046,121.54494456091466,36
GM38,大安區,Times 基隆路2,2,,25.02142339285239,121.54957147183524,47
GM39,大安區,台北安和1停車場,2,,25.031678251204905,121.5508919539404,24
GM40,大安區,國立臺北教育大學附屬停車場,2,,25.026391676246604,121.54035372051791,10
GM41,大安區,師大夜市站停車場,2,,25.02289014409815,121.5268613555839,6
H00140,松山區,合庫停車場,2,,25.048443550374998,121.5453458304224,737
H12,松山區,文華停車場,2,,25.05539294668019,121.54844955651073,475
H17,松山區,NaviPark小巨蛋場,2,,25.05225094655977,121.55031334932954,24
H31,松山區,宏泰世界大樓計時停車場,2,,25.056363059765488,121.54831770321691,304
H32,松山區,西華大飯店客用停車場,2,,25.058046685263474,121.545817026311,117
H33,松山區,兄弟飯店停車場,2,,25.052331371909,121.54461135573294,62
H35,松山區,王朝大酒店停車場,2,,25.05278710919179,121.54857730335117,246
H36,松山區,三軍總醫院松山分院附設民眾停車場,2,,25.053995094761543,121.55770070262272,108
H46,松山區,台塑大樓停車場,2,,25.05721868529062,121.55049757964777,316
H48,松山區,揚昇收費停車場,2,,25.05048458845286,121.54426099234495,10
H50,松山區,復源新城甲基地停車場,2,,25.0471942322016,121.55611009151808,22
H56,松山區,聯合安豐長春站,2,,25.054056243368564,121.54547801421334,124
H60,松山區,大台北瓦斯大樓地下停車場,2,,25.050216692949956,121.55986511747271,102
H68,松山區,鴻構大樓計時收費停車場,2,,25.05812241755796,121.5451926029343,18
H69,松山區,松山區行政中心地下停車場,2,,25.049823078678426,121.57718440270975,15
H7,松山區,應安168松信停車場,2,,25.049043399312936,121.57264222600526,17
H71,松山區,元順停車場,2,,25.05930306574326,121.54442829984613,23
H75,松山區,新長越市民大道站停車場,2,,25.044782055575666,121.55468610989351,16
H76,松山區,中國人壽敦北大樓停車場,2,,25.054028040664594,121.54817219852569,15
H77,松山區,新長越八德站停車場,2,,25.048908299630952,121.56361797994892,3
H78,松山區,日日停車場,2,,25.05104387433153,121.55691271588096,6
H80,松山區,微風廣場地下停車場,2,,25.046140326174807,121.5441791718211,331
H81,松山區,叭叭房八德一停車場,2,,25.047602974774144,121.55384203413158,25
H82,松山區,敦北停車場,2,,25.052528033915824,121.55054813268262,12
H85,松山區,通泰商業大樓收費停車場,2,,25.05392876021047,121.54605534556876,122
H86,松山區,福里停車場,2,,25.05472797963595,121.54512577684945,38
H87,松山區,芝?停車場,2,,25.04891069977958,121.54441005554254,13
H91,松山區,宏泰金融大樓計時停車場,2,,25.057383849041933,121.54770464137903,367
H92,松山區,家樂福三民停車場,2,,25.0616876596031,121.56336749299987,78
H93,松山區,便利停車場八德站,2,,25.048147501657574,121.5612046221642,20
H94,松山區,新長越民權東路停車場,2,,25.061544685105602,121.54944972416048,49
H96,松山區,震旦21世紀大樓停車場,2,,25.053566839347653,121.55736312006785,216
HA7,松山區,台灣聯通前瞻停車場,2,,25.051821652550604,121.5574387200493,53
HA83,松山區,新長越光復南路停車場,2,,25.045965266700303,121.55506905222721,8
HA88,松山區,基隆河5、6號水門堤外觀山段河濱公園附設平面停車場,2,,25.06008556049701,121.56951526358716,408
HA89,松山區,金和興復旦站停車場,2,,25.045450656425935,121.54733314980558,6
HA94,松山區,威京大樓停車場,2,,25.049654021183127,121.56490757210676,90
HA97,松山區,TIMES慶城街停車場,2,,25.054726613482412,121.54603567709502,27
HA98,松山區,科技服務大樓附屬停車樓汽車停車場,2,,25.058788925040663,121.55447799126334,146
HA99,松山區,便利停車場八德二站,2,,25.0486451390147,121.54626074331743,11
HB01,松山區,台灣聯通東興停車場,2,,25.049052132893838,121.56759631478852,34
HB02,松山區,建築賞停車場,2,,25.0501413820199,121.57065969553709,52
HB03,松山,台灣聯通饒河停車場,2,,25.0501413820199,121.57065969553709,36
HB07,松山區,嘟嘟房長春站停車場,2,,25.054631955528258,121.54759958956015,104
HB09,松山區,應安168德璞十九章停車場,2,,25.058774234500476,121.54712086307757,38
HB10,松山區,南京東路地下停車場,2,,25.051126128754287,121.56354993749784,18
HB11,松山區,8號停車場,2,,25.06062381749994,121.54896866252655,2
HB12,松山區,TIMES民權敦化3,2,,25.060464647579337,121.54961011439077,35
HB13,松山區,宏國大樓停車場,2,,25.05464072865856,121.54958609420672,287
HB15,松山區,臺安停車場,2,,25.047429231111376,121.54778226243212,207
HB18,松山區,應安松山機場停車場,2,,25.0625667368159,121.54806164801327,6
HB19,松山區,嘟嘟房京華城站停車場,2,,25.047828640664996,121.56308875349983,22
HB20,松山區,保德信停車場,2,,25.05175890142564,121.56216114410985,131
HB21,松山區,台灣聯通長慶停車場,2,,25.055257145345834,121.54641364558253,98
HB22,松山區,TIMES長春路,2,,25.054694017997083,121.5484586245566,16
HB23,松山區,TIMES松山車站前,2,,25.049999101902333,121.57877024731137,69
HB24,松山區,Times松山運動中心,2,,25.048841392515214,121.5502458249464,57
HB25,松山區,育達停車場,2,,25.04965500665509,121.55415984965964,91
HB26,松山區,台灣聯通大千停車場,2,,25.05121666379302,121.56214994270508,32
HB27,松山區,聯通新高停車場,2,,25.05123017376143,121.55657325336747,19
HB30,松山區,TIMES民權敦化站(二),2,,25.060778213964504,121.54964037238412,33
HB31,松山區,便利停車場萬國站,2,,25.047946406235358,121.5480598039051,127
HB32,松山區,TIMES慶城街2停車場,2,,25.05524377962761,121.54578794318736,6
HB33,松山區,敦北翠苑社區停車場,2,,25.055986543006142,121.55053902214237,179
HB34,松山區,嘟嘟房西松高中站停車場,2,,25.054705758718242,121.56576384125373,52
HB36,松山區,基隆河迎風段河濱公園停車場,2,,25.07411613125934,121.55228980581889,487
HB37,松山區,臺北國際航空站大客車收費停車場,2,,25.063351296710948,121.55046741303104,0
HB39,松山區,富偉東泰場,2,,25.054874857035962,121.55141692156653,46
HB40,松山區,台灣聯通博仁醫院停車場,2,,25.050051173356774,121.55762397273033,6
HB41,松山區,龍城市場停車場,2,,25.05471160601595,121.55377294583269,47
HB42,松山區,撫遠平面停車場,2,,25.067877889931005,121.56770758610189,84
HB45,松山區,宏達經營管理顧問有限公司南京停車場,2,,25.051201518056764,121.56428338387802,54
HB46,松山區,塔悠路停車場,2,,25.055957414234552,121.56934173110915,18
HB48,松山區,緯來停車場,2,,25.058266143655768,121.55113642419204,8
HB49,松山區,TIMES光復延吉停車場,2,,25.04565098801376,121.5544780066174,47
HB52,松山區,TIMES潤泰敦化停車場,2,,25.045343617197293,121.54581516055619,149
HB53,松山區,長庚站停車場,2,,25.054049614455856,121.5497700332657,8
HB54,松山區,應安北寧停車場,2,,25.048576858153865,121.55372109646332,6
HB55,松山區,便利停車場全錄站,2,,25.054303766875233,121.54831562219367,19
HB56,松山區,台灣世達志不動產顧問股份有限公司民生東路第一停車場,2,,25.05712767900208,121.54675892648297,7
HB58,松山區,博客停車場敦北站,2,,25.0496344990746,121.54603176139092,14
HB59,松山區,TIMES松山市民,2,,25.04967839035645,121.57871347536928,48
HB60,松山區,新長越慶城街停車場,2,,25.05515772526235,121.5456309770569,8
HH01,松山區,嘟嘟房敦北頂好站停車場,2,,25.05695276382755,121.55131921456568,18
HH02,松山區,TIMES敦南市民,2,,25.045262278863657,121.5473285966121,4
HH03,松山區,TIMES潤泰敦化停車場,2,,25.04575105023425,121.54580105633649,149
HH04,松山區,健安新城E區管理委員會停車場,2,,25.055236281452427,121.56344326866108,85
HH05,松山區,光富南路平面停車場,2,,25.046772784688777,121.55655891250402,32
HH06,松山區,金安年小巨蛋第一停車場,2,,25.053251057319343,121.55036256017583,17
HH07,松山區,金安年小巨蛋第二停車場,2,,25.052952947662185,121.55036332680439,7
HH08,松山區,嘟嘟房饒河夜市2站停車場,2,,25.050469657369185,121.57113477460467,8
HH09,松山區,嘟嘟房饒河夜市1站停車場,2,,25.05055078362191,121.5704604254857,16
HH11,松山區,嘟嘟房民生國小站停車場,2,,25.05609954249991,121.55309230506685,69
HH12,松山區,德璞十九章停車場,2,,25.05877376983786,121.54707348993573,38
HH13,松山區,光復北路平面停車場,2,,25.048828281862733,121.55830254629683,25
HH14,松山區,吉拾停車場民生場,2,,25.057617328116272,121.55035835183097,86
HH4,松山區,台北市區監理所平面停車場,2,,25.04902399732519,121.55892288898153,124
II01,文山區,嘟嘟房文山光輝站停車場,2,,24.984566585678046,121.55617932830695,14
II02,文山區,助安168萬芳停車場,2,,24.99831417930474,121.55722182650771,30
II03,文山區,玫如台大四季停車場,2,,24.99857009235626,121.54003951120261,30
II04,文山區,達觀淳境社區停車場,2,,24.99510433514192,121.54721300565845,11
J3,信義區,松隆平面停車場,2,,25.048326205097677,121.57557298627071,19
J44,信義區,中油大樓停車場,2,,25.039659596241957,121.5691263085392,615
J48,信義區,普羅旺斯實業股份有限公司停車場,2,,25.04122482726325,121.57316430417714,138
J5,信義區,國立國父紀念館光復南路第一停車場,2,,25.03865891084577,121.55825619149996,116
J53,信義區,信義區行政中心停車場,2,,25.033208335779086,121.56691270692036,17
J54,信義區,一號交易廣場計時停車場,2,,25.03702214691538,121.56900343352879,82
J60,信義區,震旦國際大樓附設停車場,2,,25.03278412659047,121.55988603835765,19
J64,信義區,便利停車場忠孝站,2,,25.04021558854934,121.56348866624813,23
J66,信義區,Neo19停車場,2,,25.03569271055251,121.56797304457086,85
J67,信義區,金和興永吉站停車場,2,,25.044966238865964,121.5803939793026,14
J68,信義區,群益金融大樓計時停車場,2,,25.03610222671784,121.56879749758106,122
J76,信義區,永吉路120巷平面停車場,2,,25.044547019915342,121.56979237515051,10
J80,信義區,新光三越百貨公司信義店A8館停車場,2,,25.038340230201857,121.56673750191416,289
J81,信義區,國泰金融大樓停車場,2,,25.038669919109406,121.56880093684667,176
J86,信義區,新光三越百貨股份有限公司台北信義分公司停車場,2,,25.036151116360035,121.56717193595875,284
J9,信義區,松德大樓地下停車場,2,,25.03203292901226,121.57416447401427,32
J91,信義區,太平洋商務中心台北會館,2,,25.03249104772427,121.55782485653322,31
J94,信義區,世紀金融廣場大樓信基大樓停車場,2,,25.032743937965638,121.55857633951555,22
J95,信義區,永春停車場,2,,25.04184981503223,121.57520958191913,15
JA22,信義區,台灣聯通松山停車場,2,,25.047041184937086,121.56661612618757,168
JA24,信義區,信義傑仕堡停車場,2,,25.03219344560581,121.56932905910281,46
JA36,信義區,便利停車場信義二站,2,,25.03256804384789,121.56516940084019,21
JA37,信義區,臺北市立信義國民中學停車場,2,,25.028841230565423,121.56757626115858,21
JA40,信義區,助安168松智停車場,2,,25.029265420295484,121.56545847838746,149
JA41,信義區,昇榮信義停車場,2,,25.033207741360567,121.56866500818698,46
JA44,信義區,臺北醫學大學附設醫院停車場,2,,25.025835678597407,121.56155507123049,182
JA46,信義區,應安168松勇停車場,2,,25.03451412043334,121.57156388962512,51
JA53,信義區,三興市場大樓地下停車場,2,,25.029064841584493,121.56111219993876,64
JA54,信義區,台灣聯通誠品信義停車場,2,,25.03962154119987,121.56529854347087,201
JA55,信義區,應安六合市場停車場,2,,25.0244368408967,121.56881933962958,42
JA57,信義區,全豐盛信義105停車場,2,,25.035441155356633,121.5687662301082,50
JA59,信義區,松山家商校內平面停車場,2,,25.03611299700436,121.58016634781718,25
JA60,信義區,叭叭房曼哈頓大樓停車場,2,,25.032738785711924,121.56076129030933,45
JA62,信義區,信義停車場,2,,25.03176209594391,121.56499473776414,84
JA64,信義區,南松山停車場,2,,25.041282426136764,121.5723682781877,11
JA66,信義區,新光三越百貨公司信義店A9館停車場,2,,25.03652692952775,121.56665754195558,186
JA67,信義區,新光三越百貨公司信義店A4館停車場,2,,25.039513837056887,121.56661840901023,212
JA69,信義區,新光信義金融停車場,2,,25.038090809870283,121.56795492480776,121
JA70,信義區,基隆路停車場,2,,25.04282980265975,121.56594715508449,32
JA71,信義區,玄覺寺停車場,2,,25.022469454697124,121.56128646155531,17
JA72,信義區,TIMES松勤街停車場,2,,25.03216498940131,121.56262659142496,76
JA74,信義區,愛馬屋世貿場,2,,25.0307634361588,121.5576604415638,58
JA76,信義區,嘟嘟房世貿站停車場,2,,25.03388710556669,121.56069981583038,389
JA79,信義區,TIMES松仁路,2,,25.02809919995804,121.56856739172106,10
JA81,信義區,博客停車場信義站,2,,25.033304018820967,121.55786164045742,10
JA84,信義區,TIMES光復南路,2,,25.033571721486265,121.5583487618616,10
JA85,信義區,國父紀念館第二停車場,2,,25.040826668472864,121.56078691615984,108
JA87,信義區,臺北市立永春高級中學停車場,2,,25.0336344879107,121.57895891884608,80
JA89,信義區,詮營信義101停車場,2,,25.03257311966186,121.56480171528823,87
JA91,信義區,信義停車場,2,,25.036696055714696,121.5226468663932,44
JA92,信義區,松興合署辦公大樓地下停車場,2,,25.04332891735471,121.56754867383411,22
JA95,信義區,信義路5段150巷平面停車場,2,,25.02403756193858,121.57178566487732,18
JA96,信義區,吳興街600巷平面停車場,2,,25.02068439005072,121.56956320190291,20
JA99,信義區,TIMES石園社區,2,,25.036630656267644,121.52255971611393,29
JB01,信義區,台灣聯通松高停車場,2,,25.039517386740414,121.56431278452732,61
JB02,信義區,微風松高地下停車場,2,,25.038403773565992,121.56738869703334,149
JB03,信義區,信義D1停車場,2,,25.032246090765053,121.56208055760165,65
JB04,信義區,Times信安街,2,,25.023682565326013,121.55541183573409,6
JB05,信義區,嘟嘟房市府站停車場,2,,25.042126697641407,121.56597510662253,84
JB06,信義區,吳興街156巷25弄平面停車場,2,,25.028287973901136,121.56104683490396,32
JB07,信義區,國泰信義停車場,2,,25.032500505793625,121.5669104747317,101
JB08,信義,松仁停車場,2,,25.024396649075904,121.56985175264136,182
JB77,信義區,松高路臨時平面停車場,2,,25.039669201781937,121.57019619094137,53
JJ03,信義區,禾典永吉站,2,,25.043655235802888,121.58017496892258,13
JJ05,信義區,微風信義地下停車場,2,,25.040491795010254,121.56681011995167,130
JJ2,信義區,富邦松山停車場,2,,25.046165204836726,121.56706834509764,148
JJ67,信義,基隆路停車場,2,,25.05039886676725,121.56958054336977,3
K1,內湖區,內湖江南街停車場,2,,25.07667660058548,121.57871830736164,6
K13,內湖區,長揚停車場新湖站,2,,25.061592698282464,121.58089331413889,59
K14,內湖區,啟源收費停車場,2,,25.069482359743212,121.57504944138827,7
K16,內湖區,瑞光地下停車場,2,,25.075098055516474,121.57491668665969,90
K17,內湖區,宏達經營管理顧問有限公司麗湖停車場,2,,25.07312371471305,121.60675713824295,34
K18,內湖區,新湖站,2,,25.0634061134876,121.58136845429308,50
K19,內湖區,驛林交通股份有限公司基泰御峰站,2,,25.082498693484997,121.59329120740122,86
K32,內湖區,哈拉影城有限公司停車場,2,,25.07012008860239,121.61136369873788,131
K35,內湖區,便利停車場創世紀站,2,,25.080769000093223,121.56898887980691,65
K42,內湖區,大湖停車場,2,,25.084907959586182,121.6003213255832,63
K45,內湖區,便利停車場中時站,2,,25.06949543972271,121.58182674315007,40
K51,內湖區,麗山街口停車場,2,,25.081046621547507,121.57192203831166,35
K52,內湖區,叭叭房康樂四停車場,2,,25.06950309056667,121.61970641546273,49
K54,內湖區,叭叭房康樂停車場,2,,25.06981498659454,121.61893124515322,42
K56,內湖區,內湖加油站停車場,2,,25.068443126008777,121.58407590518527,105
K58,內湖區,陽光街口停車場,2,,25.072468795625863,121.5768427845321,34
K59,內湖區,叭叭房康樂三停車場,2,,25.06995581203987,121.61973731380074,49
K65,內湖區,內湖區行政中心停車場,2,,25.069280830116966,121.58893362226048,20
K66,內湖區,康寧停車場,2,,25.075053432605273,121.60839318092842,146
K67,內湖區,三軍總醫院內湖院區民眾收費停車場,2,,25.070542545722105,121.5936663371771,463
K81,內湖區,安康公車調度站臨時平面停車場,2,,25.067340035477365,121.61321562340396,118
K82,內湖區,民權停車場,2,,25.06854352411511,121.57698059980987,46
K85,內湖區,芳鄰停車場,2,,25.077539871360035,121.59444156484989,31
K87,內湖區,嘟嘟房西湖站停車場,2,,25.08083904793082,121.57376937138662,6
K88,內湖區,便利停車場工研站,2,,25.0800987720738,121.56506331805689,40
K94,內湖區,台新銀行內湖大樓停車場,2,,25.073184522884336,121.5745978440226,335
KA4,內湖區,台灣聯通瑞光停車場,2,,25.078625549633408,121.57095996478714,77
KB10,內湖區,自由廣場停車場,2,,25.078890040907172,121.57302731070087,413
KB4,內湖區,應安168新內一停車場,2,,25.076208678079595,121.57344593863685,38
KB41,內湖區,叭叭房康樂二停車場,2,,25.06974743680781,121.61939813258249,50
KB44,內湖區,長揚停車場陽光站,2,,25.071971967767418,121.57694984970472,0
KB9,內湖區,便利停車場東京二站,2,,25.077511960077153,121.56968027739238,183
KC10,內湖區,內湖國民中學停車場,2,,25.076980945847087,121.58872945542228,51
KC111,內湖區,碧山停車場,2,,25.08704008306682,121.59116212953586,19
KC12,內湖區,長揚停車場加美站,2,,25.074075484112797,121.57661460687626,40
KC2,內湖區,台灣聯通成功停車場,2,,25.083218807159728,121.59426383376623,57
KC21,內湖區,台灣聯通里昂停車場,2,,25.078115450479814,121.5705141502801,94
KC24,內湖區,便利停車場內湖二站,2,,25.081548182460136,121.56981047601566,45
KC27,內湖區,吳建和停車場,2,,25.07966884397025,121.5661426687228,41
KC30,內湖區,星雲停車場,2,,25.08064465319821,121.59585277546554,111
KC31,內湖區,嘟嘟房內湖堤頂站停車場,2,,25.07809244071617,121.5679117737495,135
KC32,內湖區,嘟嘟房內湖堤頂3站停車場,2,,25.07809244071617,121.5679117737495,174
KC33,內湖區,翡翠社區停車場,2,,25.08994685152281,121.58340042757398,168
KC38,內湖區,長揚停車場內湖長揚站,2,,25.079721931121938,121.56711342329224,173
KC39,內湖區,便利停車場基湖五站,2,,25.080897290538395,121.56362437474998,194
KC4,內湖區,便利停車場中興站,2,,25.083265131629283,121.56301184602769,27
KC97,內湖區,內湖運動中心停車場,2,,25.078257702669617,121.57505186490026,101
KC98,內湖區,便利停車場大眾站,2,,25.07285035247067,121.57466893963773,153
KD01,內湖區,洲一停車場,2,,25.079949470946953,121.57207900015628,95
KD05,內湖區,台灣聯通文德停車場,2,,25.079675492315765,121.58893845330606,16
KD07,內湖區,便利停車場元吉站,2,,25.080859826407885,121.5672296850406,83
KD08,內湖區,瑞湖停車場,2,,25.068344750186274,121.57762785465535,49
KD13,內湖區,金湖臨時平面停車場,2,,25.081649659328374,121.59796605266173,59
KD16,內湖區,TIMES瑞光路停車場,2,,25.08061057702363,121.56621942163892,49
KD24,內湖區,天成汽車拖吊(股)公司瑞湖停車場,2,,25.071736845181363,121.57606648365612,48
KD25,內湖區,便利停車場西湖三站,2,,25.081826661779964,121.56807939506716,50
KD26,內湖區,康寧停車場,2,,25.067362249213488,121.6087855275702,36
KD30,內湖區,應安168新湖二停車場,2,,25.063370112050386,121.57838502991795,48
KD32,內湖區,天成車業服務股份有限公司瑞湖三停車場,2,,25.070848881232834,121.5760191253552,0
KD34,內湖區,堤頂停車場,2,,25.078846059176758,121.56478909275063,96
KD35,內湖區,基湖停車場,2,,25.081756521177702,121.56311055394966,73
KD36,內湖區,基湖二停車場,2,,25.08200694672899,121.56455493821217,18
KD37,內湖區,內湖三停車場,2,,25.073638076104395,121.57815291234597,252
KD38,內湖區,便利停車場西湖站,2,,25.081506823120876,121.56808887887635,36
KD39,內湖區,便利停車場西湖一站,2,,25.08183336139211,121.56774110347921,30
KD40,內湖區,台灣聯通文成場停車場,2,,25.079769568551196,121.58910969456323,37
KD43,內湖區,象朝企業有限公司,2,,25.080763006826082,121.5855894757033,12
KD44,內湖區,內湖二停車場,2,,25.071901507233523,121.57462800943375,211
KD45,內湖區,內湖一停車場,2,,25.07152674628803,121.57698777277221,636
KD46,內湖區,內湖成功停車場,2,,25.062148700327867,121.58922473532198,0
KD48,內湖區,內湖成功停車場(小型車),2,,25.062569706607455,121.59034802811223,432
KD50,內湖區,內湖站停車場,2,,25.074912829356563,121.57689984895379,13
KD51,內湖區,瑞光停車場,2,,25.071356013563243,121.58126987939718,108
KD53,內湖區,便利停車場西湖二站,2,,25.08185821386459,121.56745354274784,48
KD55,內湖區,洲子站停車場,2,,25.08151523804895,121.56774775894723,20
KD56,內湖區,大潤發流通事業股份有限公司內湖分公司停車場,2,,25.060656445941998,121.57774368985389,442
KD57,內湖區,立成西湖站停車場,2,,25.081281344542095,121.56678568792343,100
KD58,內湖區,合發堤頂停車場,2,,25.062882993220757,121.57312344687,27
KD60,內湖區,西湖市場暨捷運站地下停車場,2,,25.082632366884354,121.56660801324247,200
KD63,內湖區,嘟嘟房堤頂2站停車場,2,,25.078777191863377,121.56538020587412,60
KD64,內湖區,應安168民權二停車場,2,,25.06706813963538,121.59214624575938,23
KD66,內湖區,應安168新湖一停車場,2,,25.06443164464899,121.57907678056164,49
KD67,內湖區,耶魯大樓停車場,2,,25.080267195105566,121.57126896226349,97
KD71,內湖區,台灣聯通文湖停車場,2,,25.078336908758505,121.58401684530057,36
KD72,內湖區,內湖站,2,,25.082730210339378,121.56330912221664,8
KD73,內湖區,應安168瑞光停車場,2,,25.075530808367862,121.57254430209207,31
KD75,內湖區,民權停車場,2,,25.06855316628264,121.59333856809204,33
KD76,內湖區,TIMES行愛新湖,2,,25.06334140297705,121.58211725322705,27
KD78,內湖區,TIMES北安路2,2,,25.081213254982856,121.55014729768348,15
KD79,內湖區,TIMES北安路3,2,,25.08092966827185,121.55012356122147,21
KD80,內湖區,TIMES新湖三路,2,,25.065238556922314,121.58074131083808,39
KD81,內湖區,應安洲子停車場,2,,25.07941297550996,121.57336750445134,47
KD82,內湖區,聯永物業股份有限公司內湖七站,2,,25.075375019795104,121.57322909723085,16
KD85,內湖區,嘟嘟房內湖瑞光站停車場,2,,25.080242766496813,121.56740274101008,166
KD87,內湖區,陽光街停車場,2,,25.072762467502148,121.57678026195123,49
KD88,內湖區,天成汽車拖吊(股)公司基湖停車場,2,,25.082161308871584,121.56328847560933,50
KD89,內湖區,嘟嘟房內湖瑞湖停車場,2,,25.074781522759874,121.57655683605563,120
KD94,內湖區,金矽谷18-1停車場,2,,25.06137186646966,121.58044848150877,24
KD95,內湖區,金矽谷18-2停車場,2,,25.061468931728108,121.58067184909287,49
KD96,內湖區,天成車業服務股份有限公司瑞二停車場,2,,25.07104201365345,121.57620523632356,48
KD97,內湖區,龍昌內湖一站停車場,2,,25.073856595620683,121.57467516727324,140
KD99,內湖區,嘟嘟房康東站停車場,2,,25.06901442259734,121.61237814367128,18
KE1,內湖區,天成舊宗停車場,2,,25.061268358006974,121.5799032932292,33
KE10,內湖區,宏達經營管理顧問有限公司內湖停車場,2,,25.08101155143075,121.5703643569068,50
KE11,內湖區,台灣聯通停車場,2,,25.06381984168481,121.5893074781777,58
KE12,內湖區,博客停車場行愛站,2,,25.06569543658723,121.58191717938753,30
KE13,內湖區,便利停車場momo站,2,,25.079768455000945,121.57106844288005,185
KE14,內湖區,北北角薪傳中心停車場,2,,25.06040233513518,121.57722558496046,186
KE15,內湖區,in base,2,,25.06190480795968,121.57713260912983,91
KE16,內湖區,北臺灣開發實業有限公司內湖營業所停車場,2,,25.06368063361134,121.58067996052587,15
KE19,內湖區,大直之星停車場,2,,25.086156119255936,121.56521428119608,41
KE2,內湖區,德明室內停車場,2,,25.08684605843235,121.56385823766372,37
KE20,內湖區,宏達經營管理顧問有限公司西湖停車場,2,,25.083663166503683,121.56327900892141,41
KE21,內湖區,萬國科技大樓停車場,2,,25.0809563991823,121.56959204746684,108
KE22,內湖區,廣朋建設行愛路平面停車場,2,,25.06569543658723,121.58191717938753,31
KE23,內湖區,便利停車場中醫站,2,,25.082089335054263,121.5906430696303,16
KE24,內湖區,長揚停車場民善站,2,,25.05960189037458,121.57624141824908,49
KE25,內湖區,璞初停車股份有限公司-蒔璞案,2,,25.07158850612301,121.61619384045544,13
KE26,內湖區,宏達經營管理顧問公司洲子停車場,2,,25.079251743889753,121.57257514898197,45
KE27,內湖區,潤泰創新國際股份有限公司內湖捷運站停,2,,25.08413308672513,121.59439522272024,495
KE4,內湖區,大湖活動中心暨溫水游泳池停車場,2,,25.088126111331174,121.60038094802492,27
KE6,內湖區,TIMES安興街,2,,25.057259510592207,121.58054226437977,29
KE7,內湖區,晟晁環山停車場,2,,25.08587521922859,121.57177349205381,30
KE8,內湖區,大潤發流通事業股份有限公司南湖分公司,2,,25.06264149286338,121.57598328861235,84
KE9,內湖區,財團法人台北市私立仁愛頤養園附設停車場,2,,25.07593370815905,121.58254749533737,10
KK01,內湖區,應安168新湖三停車場,2,,25.063512046811002,121.57825793135994,50
KK02,內湖區,長揚停車場瑞光站,2,,25.069637431341988,121.58064069082302,246
KK03,內湖區,助安168西康停車場,2,,25.08540427188646,121.56326093988768,49
KK04,內湖區,彩虹河濱公園堤外停車場,2,,25.059672958310916,121.57245567056492,453
KK05,內湖區,星雲街210巷口臨時平面停車場,2,,25.081060093979623,121.59726551552286,30
KK06,內湖區,瑞光路平面臨時停車場,2,,25.077125653586492,121.57475109582312,314
KK07,內湖區,宏達經營管理顧問有限公司倫敦停車場,2,,25.080745114526835,121.56307518474567,141
KK08,內湖區,金湖臨時平面停車場,2,,25.081652852317013,121.59842460226542,28
KK09,內湖區,嘟嘟房內湖民權站停車場,2,,25.067633118704535,121.58161338655616,120
KK10,內湖區,台灣聯通山仔頂停車場,2,,25.06535862145143,121.5933098967654,72
KK11,內湖區,統順福德停車場,2,,25.06237528984306,121.58482691067918,15
KK12,內湖區,叭叭房西湖四停車場,2,,25.08196774526552,121.56756399841164,46
KK13,內湖區,叭叭房西湖三停車場,2,,25.081940844598115,121.56782052573976,25
KK15,內湖區,行善路平面停車場,2,,25.06522576257272,121.58629406045122,49
KK16,內湖區,福安停車場,2,,25.066377836722697,121.59814220191619,16
KK17,內湖區,國泰潭美停車場,2,,25.06322771041948,121.5852831799695,98
KK18,內湖區,長揚停車場康樂站,2,,25.075653529061082,121.62279230073842,84
KK19,內湖區,停車棧東湖站,2,,25.06901442259734,121.61237814367128,18
L2,南港區,研究院路平面停車場,2,,25.044954219373103,121.61473304801724,9
L34,南港區,南港遠東智慧科學園區管理委員會停車場,2,,25.05487603823437,121.59160061205232,26
L35,南港區,龍昌大樓機電管理顧問股份有限公司忠孝營業處,2,,25.04647100113749,121.58670670130076,20
L36,南港區,南港區行政中心地下停車場,2,,25.054610182423446,121.6067289848671,9
L5,南港區,福山平面停車場,2,,25.04539661690132,121.61594107639911,49
L51,南港區,玉成停車場,2,,25.04609369310332,121.58385441371395,49
L52,南港區,轅鑫成功停車場,2,,25.056035198503952,121.5930586892751,119
L53,南港區,衛生福利部附設停車場,2,,25.05021060015268,121.59539513934611,31
L54,南港區,嘟嘟房玉成2站停車場,2,,25.04609369310332,121.58385441371395,49
L56,南港區,助安南港停車場,2,,25.054981639045312,121.59752516517189,43
L57,南港區,威京尊龍停車場,2,,25.05377317215839,121.60048398138873,90
L58,南港區,助安168南港(二)停車場,2,,25.0553814887106,121.59658406861459,2
L72,南港區,南港園區二期停車場,2,,25.0587018981888,121.61217163659522,231
L85,南港區,便利停車場南軟站,2,,25.058151604758645,121.61369519853895,102
L86,南港區,便利停車場南港站,2,,25.056059324224282,121.6124885283578,49
L93,南港區,南港高中停車場,2,,25.05281045364053,121.59315804811318,30
L94,南港區,台北南港展覽館停車場,2,,25.05582711601467,121.61888554826076,633
L95,南港區,嘟嘟房經貿一站停車場,2,,25.0580886847707,121.61931229570304,505
L96,南港區,嘟嘟房經貿二站停車場,2,,25.060221380634257,121.61768140521642,782
L97,南港區,南港經貿三站停車場,2,,25.060227482998066,121.61636723945612,82
L98,南港區,南港停車場,2,,25.048218828557978,121.61605209728678,4
L99,南港區,應安168昆陽停車場,2,,25.048969539337705,121.58592658815776,94
LA02,南港區,鼎晟停車場(八德場),2,,25.0506481226831,121.58102317767799,20
LA04,南港區,玉成二站停車場,2,,25.046582922756777,121.58392257263554,4
LA06,南港區,聯永物業股份有限公司南港新天地站,2,,25.0470992444148,121.58235449516611,70
LA09,南港區,成德國中運動中心停車場,2,,25.04492161930812,121.58771034444055,25
LA16,南港區,嘟嘟房南港園區站停車場,2,,25.05922964536986,121.6136329472885,27
LA17,南港區,南港軟體工業園區第三期地下停車場,2,,25.05739346764743,121.61444388464786,42
LA19,南港區,沃瑪企業有限公司玉成站,2,,25.051873508429328,121.58202423421578,30
LA21,南港區,TIMES南港路停車場,2,,25.053866901995573,121.60861049055688,31
LA22,南港區,舊莊區民活動中心停車場,2,,25.041350662268286,121.61947071590576,24
LA23,南港區,大榮貨運停車場,2,,25.0580180718084,121.60378257354127,128
LA24,南港區,晟晁爵士停車場,2,,25.055675476110636,121.60414494004529,96
LA25,南港區,晟晁青春停車場,2,,25.05606796440138,121.60416313712653,38
LA26,南港區,莒錩昆陽停車場,2,,25.052192612700765,121.59294874136508,17
LA27,南港區,應安新昆陽停車場,2,,25.049777189752923,121.58589583339898,41
LA28,南港區,成福路停車場,2,,25.041469672743144,121.58657779051656,21
LA29,南港區,重陽停車場,2,,25.061417209274804,121.61231115594738,27
LA30,南港區,中信金融園區地下停車場,2,,25.058750142036935,121.61604954235095,149
LL05,南港區,昆陽捷運站旁平面停車場,2,,25.049449286041316,121.58900447860935,124
LL06,南港區,Times經貿二路,2,,25.060551404245114,121.61529695872915,41
LL08,南港,日月亭松山車站停車場,2,,25.049299006340842,121.58113519060227,320
LL09,南港區,便利停車場園區站,2,,25.05930895824312,121.61369251852787,100
LL1,南港區,中信金融園區B、C棟地下停車場,2,,25.05906389865562,121.61515478956215,198
LL10,南港,映東騰停車場,2,,25.04831965432268,121.59383021048008,51
LL2,南港區,台北市南港區胡適國小地下停車場,2,,25.042462190228818,121.61755699392323,47
LL3,南港區,舊莊停車場,2,,25.041143026340723,121.61836674822838,12
LL4,南港區,中視停車場,2,,25.055298366593114,121.60033809524704,43
LL5,南港,嘟嘟房南港經貿3站停車場,2,,25.06022887863324,121.61677234282863,50
LL6,南港,南港62號公園臨時平面停車場,2,,25.05049103831679,121.59009829405757,100
M002,文山區,水源快速道路高架橋下停車場,2,,25.003927600377622,121.53524346993633,176
M008,文山區,景文平面停車場,2,,24.99049809875495,121.54046208803739,55
M009,文山區,萬慶街平面停車場,2,,24.993459585088715,121.53816318630123,23
M010,文山區,保儀路平面停車場,2,,24.984375046924892,121.5659888723227,44
M011,文山區,永建市場旁平面停車場,2,,24.988173787895995,121.55132003923123,18
M014,文山區,萬芳八號公園停車場,2,,25.002986559245432,121.56071849039836,109
M015,文山區,和興路平面停車場,2,,24.98484561156232,121.54856438220773,22
M016,文山區,國家考場大樓地下停車場,2,,24.98714180391787,121.54935907984132,136
M018,文山區,協和上城停車場,2,,24.985775167924228,121.56066084518086,31
M019,文山區,驛林交通股份有限公司興隆站,2,,25.001521445932152,121.55144586702696,48
M020,文山區,萬芳醫院附設停車場,2,,24.999850444224077,121.5579803392689,255
M021,文山區,仙岩停車場,2,,24.999316710867607,121.54933994718273,49
M023,文山區,忠順停車場,2,,24.98484318377021,121.55861796468488,5
M026,文山區,景新大樓地下停車場,2,,24.99001059615514,121.54203363161635,44
M027,文山區,木農停車場,2,,24.988703310969072,121.5698871540702,48
M032,文山區,宏和停車場,2,,24.998504933667643,121.5566759815431,48
M033,文山區,麗園停車場,2,,25.01073856115765,121.53662561899867,36
M034,文山區,興安停車場,2,,24.999005896998863,121.54911601667416,48
M038,文山區,義芳第二停車場,2,,25.001856549068332,121.54292541640599,150
M041,中山區,TIMES民權西路,2,,25.062400513065747,121.51919301292887,46
M044,文山區,義芳第三停車場,2,,24.999833676121614,121.54634198675733,50
M045,文山區,景興國小停車場,2,,24.996249148556895,121.54833988134729,27
M047,文山區,永安藝文館停車場,2,,24.984388381243704,121.56873487646347,59
M048,文山區,光輝停車場,2,,24.984631711294355,121.55615783606558,14
M049,文山區,忠順超市停車塔,2,,24.984358901184553,121.56297990474162,42
M052,文山區,便利停車場萬盛站,2,,25.005214160596687,121.54237455415918,22
M053,文山區,義芳第五停車場,2,,25.00055950546365,121.54359880605935,20
M054,文山區,興福國民中學停車場,2,,25.00496527000325,121.55015524750542,27
M057,文山區,木柵永建停車場,2,,24.98782517005627,121.55097325333894,17
M058,文山區,賀達忠順停車場,2,,24.984500448496327,121.56313622333406,10
M059,文山區,興隆停車場,2,,24.995489545638193,121.55999013150893,2
M060,文山區,益彩國際股份有限公司-燦坤停車場,2,,24.992507614015196,121.54335567052703,18
M906,文山區,靜心連雲社區停車場,2,,24.998540224269053,121.54536163126113,47
MA61,文山區,群旺企業社景隆營業所,2,,24.998293154389,121.54406419170952,73
MA62,文山區,木柵停車場,2,,24.997849107965493,121.5568550806851,78
MA65,文山區,義芳停車場,2,,25.002273300411762,121.542734459257,18
MA66,文山區,長揚停車場木柵站,2,,24.986765724281938,121.54746194848467,17
MA67,文山區,便利停車場瀚星站,2,,24.992391494095536,121.54382523528386,42
MA68,文山區,磐石景美站停車場,2,,24.992556880296796,121.54208869784938,4
MA69,文山區,木柵停車場,2,,24.989191405981916,121.56701322975759,10
MA70,文山區,博客停車場萬慶站,2,,24.993000986922688,121.53863391107642,49
MA71,文山,禾菘物業管理顧問有限公司福興停車場,2,,25.006454170391258,121.54897157710356,25
MA72,文山區,台北景福停車場,2,,24.994703664249204,121.53728367600692,49
